collision_pedestrians,rep,brake,pos_x,intersection_offroad,end_point,steer,start_point,pos_y,throttle,intersection_otherlane,collision_vehicles,weather,collision_other,exp_id
0.0,0,0.0,1.5599901676177979,0.0,40,-0.2738224267959595,36,120.02001953125,0.018081367015838623,0.0,0.0,1,0.0,0
0.0,0,0.0,1.5599901676177979,0.0,40,-0.2889591455459595,36,120.02001953125,0.01564142107963562,0.0,0.0,1,0.0,0
0.0,0,0.0,1.5599901676177979,0.0,40,-0.24837546050548553,36,120.02001953125,0.0138816237449646,0.0,0.0,1,0.0,0
0.0,0,0.0,1.5599901676177979,0.0,40,-0.2693457305431366,36,120.02001953125,0.009343773126602173,0.0,0.0,1,0.0,0
0.0,0,0.0,1.5599901676177979,0.0,40,-0.19720380008220673,36,120.02001953125,0.011071532964706421,0.0,0.0,1,0.0,0
0.0,0,0.0,1.560059905052185,0.0,40,-0.11049599200487137,36,120.01969146728516,-0.006021320819854736,0.0,0.0,1,0.0,0
0.0,0,0.0,1.5601072311401367,0.0,40,-0.12796324491500854,36,120.01900482177734,0.003853142261505127,0.0,0.0,1,0.0,0
0.0,0,0.0,1.560071349143982,0.0,40,-0.1276962161064148,36,120.01913452148438,0.010013997554779053,0.0,0.0,1,0.0,0
0.0,0,0.0,1.5600324869155884,0.0,40,-0.16834351420402527,36,120.0194091796875,0.010195612907409668,0.0,0.0,1,0.0,0
0.0,0,0.0,1.559989333152771,0.0,40,-0.20420873165130615,36,120.01962280273438,0.010061591863632202,0.0,0.0,1,0.0,0
0.0,0,0.0,1.5599457025527954,0.0,40,-0.23422716557979584,36,120.01976013183594,0.011476188898086548,0.0,0.0,1,0.0,0
0.0,0,0.0,1.5599088668823242,0.0,40,-0.23855149745941162,36,120.01985931396484,0.012259811162948608,0.0,0.0,1,0.0,0
0.0,0,0.0,1.559883713722229,0.0,40,-0.22306427359580994,36,120.01992797851562,0.010983914136886597,0.0,0.0,1,0.0,0
0.0,0,0.0,1.5598691701889038,0.0,40,-0.2111745923757553,36,120.01995849609375,0.01059076189994812,0.0,0.0,1,0.0,0
0.0,0,0.0,1.5598613023757935,0.0,40,-0.20706813037395477,36,120.01998138427734,0.01025301218032837,0.0,0.0,1,0.0,0
0.0,0,0.0,1.5598403215408325,0.0,40,-0.22836856544017792,36,120.02001953125,0.011365026235580444,0.0,0.0,1,0.0,0
0.0,0,0.0,1.5598278045654297,0.0,40,-0.23428338766098022,36,120.0200424194336,0.011285901069641113,0.0,0.0,1,0.0,0
0.0,0,0.0,1.5598233938217163,0.0,40,-0.23259016871452332,36,120.02005767822266,0.011689752340316772,0.0,0.0,1,0.0,0
0.0,0,0.0,1.5598187446594238,0.0,40,-0.23413829505443573,36,120.02006530761719,0.011364907026290894,0.0,0.0,1,0.0,0
0.0,0,0.0,1.559814453125,0.0,40,-0.21709369122982025,36,120.02006530761719,0.01079702377319336,0.0,0.0,1,0.0,0
0.0,0,0.0,1.5598114728927612,0.0,40,-0.21447807550430298,36,120.02007293701172,0.011009514331817627,0.0,0.0,1,0.0,0
0.0,0,0.0,1.5598102807998657,0.0,40,-0.22256121039390564,36,120.02007293701172,0.011233270168304443,0.0,0.0,1,0.0,0
0.0,0,0.0,1.5598090887069702,0.0,40,-0.24235014617443085,36,120.02008819580078,0.012112796306610107,0.0,0.0,1,0.0,0
0.0,0,0.0,1.5598076581954956,0.0,40,-0.24306868016719818,36,120.02008819580078,0.011892646551132202,0.0,0.0,1,0.0,0
0.0,0,0.0,1.5598065853118896,0.0,40,-0.2290472388267517,36,120.02008819580078,0.010736942291259766,0.0,0.0,1,0.0,0
0.0,0,0.0,1.559806227684021,0.0,40,-0.21996089816093445,36,120.02008819580078,0.010634064674377441,0.0,0.0,1,0.0,0
0.0,0,0.0,1.5598058700561523,0.0,40,-0.252956748008728,36,120.02008819580078,0.012471824884414673,0.0,0.0,1,0.0,0
0.0,0,0.0,1.5598053932189941,0.0,40,-0.2505359351634979,36,120.02008819580078,0.012305289506912231,0.0,0.0,1,0.0,0
0.0,0,0.0,1.5598052740097046,0.0,40,-0.2414943426847458,36,120.02008819580078,0.01156705617904663,0.0,0.0,1,0.0,0
0.0,0,0.0,1.5598047971725464,0.0,40,-0.2537769377231598,36,120.02008819580078,0.01240527629852295,0.0,0.0,1,0.0,0
0.0,0,0.0,1.5598047971725464,0.0,40,-0.22018177807331085,36,120.02008819580078,0.011016041040420532,0.0,0.0,1,0.0,0
0.0,0,0.0,1.5598047971725464,0.0,40,-0.23220229148864746,36,120.02008819580078,0.01152956485748291,0.0,0.0,1,0.0,0
0.0,0,0.0,1.5598047971725464,0.0,40,-0.24286584556102753,36,120.02008819580078,0.011646687984466553,0.0,0.0,1,0.0,0
0.0,0,0.0,1.5598047971725464,0.0,40,-0.20949460566043854,36,120.02008819580078,0.010424435138702393,0.0,0.0,1,0.0,0
0.0,0,0.0,1.5598047971725464,0.0,40,-0.23471005260944366,36,120.02008819580078,0.011316180229187012,0.0,0.0,1,0.0,0
0.0,0,0.0,1.5598047971725464,0.0,40,-0.19835901260375977,36,120.02008819580078,0.010251164436340332,0.0,0.0,1,0.0,0
0.0,0,0.0,1.5598047971725464,0.0,40,-0.19512870907783508,36,120.02008819580078,0.010083794593811035,0.0,0.0,1,0.0,0
0.0,0,0.0,1.5598047971725464,0.0,40,-0.2125767469406128,36,120.02008819580078,0.010610431432723999,0.0,0.0,1,0.0,0
0.0,0,0.0,1.5598047971725464,0.0,40,-0.19257713854312897,36,120.02008819580078,0.009763896465301514,0.0,0.0,1,0.0,0
0.0,0,0.0,1.5598047971725464,0.0,40,-0.18778100609779358,36,120.02008819580078,0.009504765272140503,0.0,0.0,1,0.0,0
0.0,0,0.0,1.5598047971725464,0.0,40,-0.19394055008888245,36,120.02008819580078,0.010325014591217041,0.0,0.0,1,0.0,0
0.0,0,0.0,1.5598047971725464,0.0,40,-0.1917901635169983,36,120.02008819580078,0.01005464792251587,0.0,0.0,1,0.0,0
0.0,0,0.0,1.5598047971725464,0.0,40,-0.23347191512584686,36,120.02008819580078,0.011408805847167969,0.0,0.0,1,0.0,0
0.0,0,0.0,1.5598047971725464,0.0,40,-0.2118823528289795,36,120.02008819580078,0.010666877031326294,0.0,0.0,1,0.0,0
0.0,0,0.0,1.5598047971725464,0.0,40,-0.18489502370357513,36,120.02008819580078,0.01002839207649231,0.0,0.0,1,0.0,0
0.0,0,0.0,1.5598047971725464,0.0,40,-0.18879951536655426,36,120.02008819580078,0.009890973567962646,0.0,0.0,1,0.0,0
0.0,0,0.0,1.5598047971725464,0.0,40,-0.2079826295375824,36,120.02008819580078,0.010634541511535645,0.0,0.0,1,0.0,0
0.0,0,0.0,1.5598047971725464,0.0,40,-0.22342367470264435,36,120.02008819580078,0.011171311140060425,0.0,0.0,1,0.0,0
0.0,0,0.0,1.5598047971725464,0.0,40,-0.21534249186515808,36,120.02008819580078,0.010645121335983276,0.0,0.0,1,0.0,0
0.0,0,0.0,1.5598047971725464,0.0,40,-0.2072373777627945,36,120.02008819580078,0.010249286890029907,0.0,0.0,1,0.0,0
0.0,0,0.0,1.5598047971725464,0.0,40,-0.17991085350513458,36,120.02008819580078,0.009714901447296143,0.0,0.0,1,0.0,0
0.0,0,0.0,1.5598047971725464,0.0,40,-0.197116881608963,36,120.02008819580078,0.010610073804855347,0.0,0.0,1,0.0,0
0.0,0,0.0,1.5598047971725464,0.0,40,-0.19628892838954926,36,120.02008819580078,0.010088354349136353,0.0,0.0,1,0.0,0
0.0,0,0.0,1.5598047971725464,0.0,40,-0.18632450699806213,36,120.02008819580078,0.009864330291748047,0.0,0.0,1,0.0,0
0.0,0,0.0,1.5598047971725464,0.0,40,-0.19853055477142334,36,120.02008819580078,0.010307937860488892,0.0,0.0,1,0.0,0
0.0,0,0.0,1.5598047971725464,0.0,40,-0.20982731878757477,36,120.02008819580078,0.01056566834449768,0.0,0.0,1,0.0,0
0.0,0,0.0,1.5598047971725464,0.0,40,-0.20488470792770386,36,120.02008819580078,0.010191142559051514,0.0,0.0,1,0.0,0
0.0,0,0.0,1.5598047971725464,0.0,40,-0.2103644758462906,36,120.02008819580078,0.010463863611221313,0.0,0.0,1,0.0,0
0.0,0,0.0,1.5598047971725464,0.0,40,-0.19804741442203522,36,120.02008819580078,0.009958386421203613,0.0,0.0,1,0.0,0
0.0,0,0.0,1.5598047971725464,0.0,40,-0.16996540129184723,36,120.02008819580078,0.009491324424743652,0.0,0.0,1,0.0,0
0.0,0,0.0,1.5598047971725464,0.0,40,-0.18156373500823975,36,120.02008819580078,0.010006248950958252,0.0,0.0,1,0.0,0
0.0,0,0.0,1.5598047971725464,0.0,40,-0.19872123003005981,36,120.02008819580078,0.010431677103042603,0.0,0.0,1,0.0,0
0.0,0,0.0,1.5598047971725464,0.0,40,-0.22391656041145325,36,120.02008819580078,0.011176228523254395,0.0,0.0,1,0.0,0
0.0,0,0.0,1.5598047971725464,0.0,40,-0.22078798711299896,36,120.02008819580078,0.011062294244766235,0.0,0.0,1,0.0,0
0.0,0,0.0,1.5598047971725464,0.0,40,-0.18747372925281525,36,120.02008819580078,0.009974062442779541,0.0,0.0,1,0.0,0
0.0,0,0.0,1.5598047971725464,0.0,40,-0.18414607644081116,36,120.02008819580078,0.00979730486869812,0.0,0.0,1,0.0,0
0.0,0,0.0,1.5598047971725464,0.0,40,-0.2179156243801117,36,120.02008819580078,0.010918289422988892,0.0,0.0,1,0.0,0
0.0,0,0.0,1.5598047971725464,0.0,40,-0.2141832858324051,36,120.02008819580078,0.010763585567474365,0.0,0.0,1,0.0,0
0.0,0,0.0,1.5598047971725464,0.0,40,-0.2020653486251831,36,120.02008819580078,0.010290384292602539,0.0,0.0,1,0.0,0
0.0,0,0.0,1.5598047971725464,0.0,40,-0.21540220081806183,36,120.02008819580078,0.010522246360778809,0.0,0.0,1,0.0,0
0.0,0,0.0,1.5598047971725464,0.0,40,-0.16680563986301422,36,120.02008819580078,0.009604007005691528,0.0,0.0,1,0.0,0
0.0,0,0.0,1.5598047971725464,0.0,40,-0.1982513666152954,36,120.02008819580078,0.01068049669265747,0.0,0.0,1,0.0,0
0.0,0,0.0,1.5598047971725464,0.0,40,-0.2114252895116806,36,120.02008819580078,0.010446697473526001,0.0,0.0,1,0.0,0
0.0,0,0.0,1.5598047971725464,0.0,40,-0.1874329149723053,36,120.02008819580078,0.009779483079910278,0.0,0.0,1,0.0,0
0.0,0,0.0,1.5598047971725464,0.0,40,-0.21348610520362854,36,120.02008819580078,0.010714977979660034,0.0,0.0,1,0.0,0
0.0,0,0.0,1.5598047971725464,0.0,40,-0.19681903719902039,36,120.02008819580078,0.010224074125289917,0.0,0.0,1,0.0,0
0.0,0,0.0,1.5598047971725464,0.0,40,-0.19349616765975952,36,120.02008819580078,0.010081648826599121,0.0,0.0,1,0.0,0
0.0,0,0.0,1.5598047971725464,0.0,40,-0.21183109283447266,36,120.02008819580078,0.010610520839691162,0.0,0.0,1,0.0,0
0.0,0,0.0,1.5598047971725464,0.0,40,-0.19089576601982117,36,120.02008819580078,0.009690791368484497,0.0,0.0,1,0.0,0
0.0,0,0.0,1.5598047971725464,0.0,40,-0.18683132529258728,36,120.02008819580078,0.009488880634307861,0.0,0.0,1,0.0,0
0.0,0,0.0,1.5598047971725464,0.0,40,-0.1918288916349411,36,120.02008819580078,0.010264933109283447,0.0,0.0,1,0.0,0
0.0,0,0.0,1.5598047971725464,0.0,40,-0.18944835662841797,36,120.02008819580078,0.00997692346572876,0.0,0.0,1,0.0,0
0.0,0,0.0,1.5598047971725464,0.0,40,-0.23272161185741425,36,120.02008819580078,0.011409133672714233,0.0,0.0,1,0.0,0
0.0,0,0.0,1.5598047971725464,0.0,40,-0.21144092082977295,36,120.02008819580078,0.010652035474777222,0.0,0.0,1,0.0,0
0.0,0,0.0,1.5598047971725464,0.0,40,-0.18362532556056976,36,120.02008819580078,0.009993165731430054,0.0,0.0,1,0.0,0
0.0,0,0.0,1.5598047971725464,0.0,40,-0.18636192381381989,36,120.02008819580078,0.009886711835861206,0.0,0.0,1,0.0,0
0.0,0,0.0,1.5598047971725464,0.0,40,-0.20784848928451538,36,120.02008819580078,0.010642707347869873,0.0,0.0,1,0.0,0
0.0,0,0.0,1.5598047971725464,0.0,40,-0.22259531915187836,36,120.02008819580078,0.01114603877067566,0.0,0.0,1,0.0,0
0.0,0,0.0,1.5598047971725464,0.0,40,-0.21426273882389069,36,120.02008819580078,0.01060304045677185,0.0,0.0,1,0.0,0
0.0,0,0.0,1.5598047971725464,0.0,40,-0.20539776980876923,36,120.02008819580078,0.010151118040084839,0.0,0.0,1,0.0,0
0.0,0,0.0,1.5598047971725464,0.0,40,-0.17949917912483215,36,120.02008819580078,0.00972089171409607,0.0,0.0,1,0.0,0
0.0,0,0.0,1.5598047971725464,0.0,40,-0.19613344967365265,36,120.02008819580078,0.010570734739303589,0.0,0.0,1,0.0,0
0.0,0,0.0,1.5598047971725464,0.0,40,-0.19453032314777374,36,120.02008819580078,0.010042250156402588,0.0,0.0,1,0.0,0
0.0,0,0.0,1.5598047971725464,0.0,40,-0.18515227735042572,36,120.02008819580078,0.009823650121688843,0.0,0.0,1,0.0,0
0.0,0,0.0,1.5598047971725464,0.0,40,-0.1981394737958908,36,120.02008819580078,0.010319679975509644,0.0,0.0,1,0.0,0
0.0,0,0.0,1.5598047971725464,0.0,40,-0.20991554856300354,36,120.02008819580078,0.010581791400909424,0.0,0.0,1,0.0,0
0.0,0,0.0,1.5598047971725464,0.0,40,-0.20394794642925262,36,120.02008819580078,0.01018109917640686,0.0,0.0,1,0.0,0
0.0,0,0.0,1.5598047971725464,0.0,40,-0.20892170071601868,36,120.02008819580078,0.010420739650726318,0.0,0.0,1,0.0,0
0.0,0,0.0,1.5598047971725464,0.0,40,-0.19697251915931702,36,120.02008819580078,0.009937822818756104,0.0,0.0,1,0.0,0
0.0,0,0.0,1.5598047971725464,0.0,40,-0.16796258091926575,36,120.02008819580078,0.009529471397399902,0.0,0.0,1,0.0,0
0.0,0,0.0,1.5598047971725464,0.0,40,-0.18058747053146362,36,120.02008819580078,0.009995818138122559,0.0,0.0,1,0.0,0
0.0,0,0.0,1.5598047971725464,0.0,40,-0.19837580621242523,36,120.02008819580078,0.010439455509185791,0.0,0.0,1,0.0,0
0.0,0,0.0,1.5598047971725464,0.0,40,-0.2236645519733429,36,120.02008819580078,0.011185675859451294,0.0,0.0,1,0.0,0
0.0,0,0.0,1.5598047971725464,0.0,40,-0.21979272365570068,36,120.02008819580078,0.011012732982635498,0.0,0.0,1,0.0,0
0.0,0,0.0,1.5598047971725464,0.0,40,-0.1868467777967453,36,120.02008819580078,0.009941339492797852,0.0,0.0,1,0.0,0
0.0,0,0.0,1.5598047971725464,0.0,40,-0.18283818662166595,36,120.02008819580078,0.009770482778549194,0.0,0.0,1,0.0,0
0.0,0,0.0,1.5598047971725464,0.0,40,-0.217935249209404,36,120.02008819580078,0.01091429591178894,0.0,0.0,1,0.0,0
0.0,0,0.0,1.5598047971725464,0.0,40,-0.21299220621585846,36,120.02008819580078,0.010691434144973755,0.0,0.0,1,0.0,0
0.0,0,0.0,1.5598047971725464,0.0,40,-0.2021469920873642,36,120.02008819580078,0.010291993618011475,0.0,0.0,1,0.0,0
0.0,0,0.0,1.5598047971725464,0.0,40,-0.2150292843580246,36,120.02008819580078,0.010511457920074463,0.0,0.0,1,0.0,0
0.0,0,0.0,1.5598047971725464,0.0,40,-0.16678749024868011,36,120.02008819580078,0.009613215923309326,0.0,0.0,1,0.0,0
0.0,0,0.0,1.5598047971725464,0.0,40,-0.1977163702249527,36,120.02008819580078,0.010659515857696533,0.0,0.0,1,0.0,0
0.0,0,0.0,1.5598047971725464,0.0,40,-0.21062950789928436,36,120.02008819580078,0.010402172803878784,0.0,0.0,1,0.0,0
0.0,0,0.0,1.5598047971725464,0.0,40,-0.18691714107990265,36,120.02008819580078,0.009759247303009033,0.0,0.0,1,0.0,0
0.0,0,0.0,1.5598047971725464,0.0,40,-0.21320012211799622,36,120.02008819580078,0.010700881481170654,0.0,0.0,1,0.0,0
0.0,0,0.0,1.5598047971725464,0.0,40,-0.1955387443304062,36,120.02008819580078,0.010198831558227539,0.0,0.0,1,0.0,0
0.0,0,0.0,1.5598047971725464,0.0,40,-0.19287090003490448,36,120.02008819580078,0.010051429271697998,0.0,0.0,1,0.0,0
0.0,0,0.0,1.5598047971725464,0.0,40,-0.21129588782787323,36,120.02008819580078,0.010594010353088379,0.0,0.0,1,0.0,0
0.0,0,0.0,1.5598047971725464,0.0,40,-0.19068408012390137,36,120.02008819580078,0.009677380323410034,0.0,0.0,1,0.0,0
0.0,0,0.0,1.5598047971725464,0.0,40,-0.18608231842517853,36,120.02008819580078,0.009460210800170898,0.0,0.0,1,0.0,0
0.0,0,0.0,1.5598047971725464,0.0,40,-0.1908889263868332,36,120.02008819580078,0.010193228721618652,0.0,0.0,1,0.0,0
0.0,0,0.0,1.5598047971725464,0.0,40,-0.18859942257404327,36,120.02008819580078,0.009951114654541016,0.0,0.0,1,0.0,0
0.0,0,0.0,1.5598047971725464,0.0,40,-0.23193328082561493,36,120.02008819580078,0.01137349009513855,0.0,0.0,1,0.0,0
0.0,0,0.0,1.5598047971725464,0.0,40,-0.21054871380329132,36,120.02008819580078,0.010619133710861206,0.0,0.0,1,0.0,0
0.0,0,0.0,1.5598047971725464,0.0,40,-0.1822865903377533,36,120.02008819580078,0.00995662808418274,0.0,0.0,1,0.0,0
0.0,0,0.0,1.5598047971725464,0.0,40,-0.18615923821926117,36,120.02008819580078,0.009892523288726807,0.0,0.0,1,0.0,0
0.0,0,0.0,1.5598047971725464,0.0,40,-0.20790140330791473,36,120.02008819580078,0.010645478963851929,0.0,0.0,1,0.0,0
0.0,0,0.0,1.5598047971725464,0.0,40,-0.22203083336353302,36,120.02008819580078,0.011108219623565674,0.0,0.0,1,0.0,0
0.0,0,0.0,1.5598047971725464,0.0,40,-0.21304857730865479,36,120.02008819580078,0.010562747716903687,0.0,0.0,1,0.0,0
0.0,0,0.0,1.5598047971725464,0.0,40,-0.20525747537612915,36,120.02008819580078,0.01013493537902832,0.0,0.0,1,0.0,0
0.0,0,0.0,1.5598047971725464,0.0,40,-0.17881932854652405,36,120.02008819580078,0.009706884622573853,0.0,0.0,1,0.0,0
0.0,0,0.0,1.5598047971725464,0.0,40,-0.1957768350839615,36,120.02008819580078,0.01055195927619934,0.0,0.0,1,0.0,0
0.0,0,0.0,1.5598047971725464,0.0,40,-0.19466827809810638,36,120.02008819580078,0.010029882192611694,0.0,0.0,1,0.0,0
0.0,0,0.0,1.5598047971725464,0.0,40,-0.18474486470222473,36,120.02008819580078,0.009785473346710205,0.0,0.0,1,0.0,0
0.0,0,0.0,1.5598047971725464,0.0,40,-0.19822219014167786,36,120.02008819580078,0.010318100452423096,0.0,0.0,1,0.0,0
0.0,0,0.0,1.5598047971725464,0.0,40,-0.20894640684127808,36,120.02008819580078,0.010526806116104126,0.0,0.0,1,0.0,0
0.0,0,0.0,1.5598047971725464,0.0,40,-0.20357193052768707,36,120.02008819580078,0.010154783725738525,0.0,0.0,1,0.0,0
0.0,0,0.0,1.5598047971725464,0.0,40,-0.20881813764572144,36,120.02008819580078,0.010386854410171509,0.0,0.0,1,0.0,0
0.0,0,0.0,1.5598047971725464,0.0,40,-0.19634415209293365,36,120.02008819580078,0.00991445779800415,0.0,0.0,1,0.0,0
0.0,0,0.0,1.5598047971725464,0.0,40,-0.16670548915863037,36,120.02008819580078,0.009562134742736816,0.0,0.0,1,0.0,0
0.0,0,0.0,1.5598047971725464,0.0,40,-0.18031594157218933,36,120.02008819580078,0.009958118200302124,0.0,0.0,1,0.0,0
0.0,0,0.0,1.5598047971725464,0.0,40,-0.19832223653793335,36,120.02008819580078,0.010433197021484375,0.0,0.0,1,0.0,0
0.0,0,0.0,1.5598047971725464,0.0,40,-0.2234809398651123,36,120.02008819580078,0.011162608861923218,0.0,0.0,1,0.0,0
0.0,0,0.0,1.5598047971725464,0.0,40,-0.2196088582277298,36,120.02008819580078,0.010990947484970093,0.0,0.0,1,0.0,0
0.0,0,0.0,1.5598047971725464,0.0,40,-0.18455474078655243,36,120.02008819580078,0.009844481945037842,0.0,0.0,1,0.0,0
0.0,0,0.0,1.5598047971725464,0.0,40,-0.18314413726329803,36,120.02008819580078,0.009764432907104492,0.0,0.0,1,0.0,0
0.0,0,0.0,1.5598047971725464,0.0,40,-0.21708038449287415,36,120.02008819580078,0.010870516300201416,0.0,0.0,1,0.0,0
0.0,0,0.0,1.5598047971725464,0.0,40,-0.21277397871017456,36,120.02008819580078,0.010682225227355957,0.0,0.0,1,0.0,0
0.0,0,0.0,1.5598047971725464,0.0,40,-0.20213206112384796,36,120.02008819580078,0.010284751653671265,0.0,0.0,1,0.0,0
0.0,0,0.0,1.5598047971725464,0.0,40,-0.2142486274242401,36,120.02008819580078,0.010468512773513794,0.0,0.0,1,0.0,0
0.0,0,0.0,1.5598047971725464,0.0,40,-0.16578546166419983,36,120.02008819580078,0.00965261459350586,0.0,0.0,1,0.0,0
0.0,0,0.0,1.5598047971725464,0.0,40,-0.19727559387683868,36,120.02008819580078,0.010626494884490967,0.0,0.0,1,0.0,0
0.0,0,0.0,1.5598047971725464,0.0,40,-0.20988568663597107,36,120.02008819580078,0.010325193405151367,0.0,0.0,1,0.0,0
0.0,0,0.0,1.5598047971725464,0.0,40,-0.18708078563213348,36,120.02008819580078,0.009756535291671753,0.0,0.0,1,0.0,0
0.0,0,0.0,1.5598047971725464,0.0,40,-0.21255913376808167,36,120.02008819580078,0.010652333498001099,0.0,0.0,1,0.0,0
0.0,0,0.0,1.5598047971725464,0.0,40,-0.19528897106647491,36,120.02008819580078,0.010164111852645874,0.0,0.0,1,0.0,0
0.0,0,0.0,1.5598047971725464,0.0,40,-0.19225607812404633,36,120.02008819580078,0.009991616010665894,0.0,0.0,1,0.0,0
0.0,0,0.0,1.5598047971725464,0.0,40,-0.21086758375167847,36,120.02008819580078,0.01055869460105896,0.0,0.0,1,0.0,0
0.0,0,0.0,1.5598047971725464,0.0,40,-0.18976257741451263,36,120.02008819580078,0.009616166353225708,0.0,0.0,1,0.0,0
0.0,0,0.0,1.5598047971725464,0.0,40,-0.18467584252357483,36,120.02008819580078,0.009411215782165527,0.0,0.0,1,0.0,0
0.0,0,0.0,1.5598047971725464,0.0,40,-0.19034218788146973,36,120.02008819580078,0.01013946533203125,0.0,0.0,1,0.0,0
0.0,0,0.0,1.5598047971725464,0.0,40,-0.18922586739063263,36,120.02008819580078,0.00993683934211731,0.0,0.0,1,0.0,0
0.0,0,0.0,1.5598047971725464,0.0,40,-0.23214973509311676,36,120.02008819580078,0.011353909969329834,0.0,0.0,1,0.0,0
0.0,0,0.0,1.5598047971725464,0.0,40,-0.2102397382259369,36,120.02008819580078,0.010592877864837646,0.0,0.0,1,0.0,0
0.0,0,0.0,1.5598047971725464,0.0,40,-0.1808621734380722,36,120.02008819580078,0.009897947311401367,0.0,0.0,1,0.0,0
0.0,0,0.0,1.5598047971725464,0.0,40,-0.18565522134304047,36,120.02008819580078,0.009856253862380981,0.0,0.0,1,0.0,0
0.0,0,0.0,1.5598047971725464,0.0,40,-0.20763318240642548,36,120.02008819580078,0.010613620281219482,0.0,0.0,1,0.0,0
0.0,0,0.0,1.5598047971725464,0.0,40,-0.22137168049812317,36,120.02008819580078,0.011065751314163208,0.0,0.0,1,0.0,0
0.0,0,0.0,1.5598047971725464,0.0,40,-0.2128341645002365,36,120.02008819580078,0.010530561208724976,0.0,0.0,1,0.0,0
0.0,0,0.0,1.5598047971725464,0.0,40,-0.2048582136631012,36,120.02008819580078,0.010090917348861694,0.0,0.0,1,0.0,0
0.0,0,0.0,1.5598047971725464,0.0,40,-0.17659424245357513,36,120.02008819580078,0.009646445512771606,0.0,0.0,1,0.0,0
0.0,0,0.0,1.5598047971725464,0.0,40,-0.19515851140022278,36,120.02008819580078,0.01053193211555481,0.0,0.0,1,0.0,0
0.0,0,0.0,1.5598047971725464,0.0,40,-0.19299860298633575,36,120.02008819580078,0.009994089603424072,0.0,0.0,1,0.0,0
0.0,0,0.0,1.5598047971725464,0.0,40,-0.18327441811561584,36,120.02008819580078,0.009725898504257202,0.0,0.0,1,0.0,0
0.0,0,0.0,1.5598047971725464,0.0,40,-0.1966635286808014,36,120.02008819580078,0.010252296924591064,0.0,0.0,1,0.0,0
0.0,0,0.0,1.5598047971725464,0.0,40,-0.2083379328250885,36,120.02008819580078,0.010494738817214966,0.0,0.0,1,0.0,0
0.0,0,0.0,1.5598047971725464,0.0,40,-0.20314759016036987,36,120.02008819580078,0.0101260244846344,0.0,0.0,1,0.0,0
0.0,0,0.0,1.5598047971725464,0.0,40,-0.20816947519779205,36,120.02008819580078,0.010362297296524048,0.0,0.0,1,0.0,0
0.0,0,0.0,1.5598047971725464,0.0,40,-0.1955205500125885,36,120.02008819580078,0.009894460439682007,0.0,0.0,1,0.0,0
0.0,0,0.0,1.5598047971725464,0.0,40,-0.1646057516336441,36,120.02008819580078,0.00961601734161377,0.0,0.0,1,0.0,0
0.0,0,0.0,1.5598047971725464,0.0,40,-0.17894347012043,36,120.02008819580078,0.00992882251739502,0.0,0.0,1,0.0,0
0.0,0,0.0,1.5598047971725464,0.0,40,-0.1970638930797577,36,120.02008819580078,0.010402888059616089,0.0,0.0,1,0.0,0
0.0,0,0.0,1.5598047971725464,0.0,40,-0.22242608666419983,36,120.02008819580078,0.011099070310592651,0.0,0.0,1,0.0,0
0.0,0,0.0,1.5598047971725464,0.0,40,-0.21909567713737488,36,120.02008819580078,0.010969340801239014,0.0,0.0,1,0.0,0
0.0,0,0.0,1.5598047971725464,0.0,40,-0.18366898596286774,36,120.02008819580078,0.009830623865127563,0.0,0.0,1,0.0,0
0.0,0,0.0,1.5598047971725464,0.0,40,-0.18169808387756348,36,120.02008819580078,0.009743064641952515,0.0,0.0,1,0.0,0
0.0,0,0.0,1.5598047971725464,0.0,40,-0.21634699404239655,36,120.02008819580078,0.010844886302947998,0.0,0.0,1,0.0,0
0.0,0,0.0,1.5598047971725464,0.0,40,-0.21193082630634308,36,120.02008819580078,0.010670661926269531,0.0,0.0,1,0.0,0
0.0,0,0.0,1.5598047971725464,0.0,40,-0.20024533569812775,36,120.02008819580078,0.010240614414215088,0.0,0.0,1,0.0,0
0.0,0,0.0,1.5598047971725464,0.0,40,-0.21310478448867798,36,120.02008819580078,0.010422885417938232,0.0,0.0,1,0.0,0
0.0,0,0.0,1.5598047971725464,0.0,40,-0.16374637186527252,36,120.02008819580078,0.009745389223098755,0.0,0.0,1,0.0,0
0.0,0,0.0,1.5598047971725464,0.0,40,-0.19721634685993195,36,120.02008819580078,0.010652869939804077,0.0,0.0,1,0.0,0
0.0,0,0.0,1.5598047971725464,0.0,40,-0.20926129817962646,36,120.02008819580078,0.010329514741897583,0.0,0.0,1,0.0,0
0.0,0,0.0,1.5598047971725464,0.0,40,-0.18588300049304962,36,120.02008819580078,0.009724020957946777,0.0,0.0,1,0.0,0
0.0,0,0.0,1.5598047971725464,0.0,40,-0.21248306334018707,36,120.02008819580078,0.01065036654472351,0.0,0.0,1,0.0,0
0.0,0,0.0,1.5598047971725464,0.0,40,-0.194719597697258,36,120.02008819580078,0.010166645050048828,0.0,0.0,1,0.0,0
0.0,0,0.0,1.5598047971725464,0.0,40,-0.19180484116077423,36,120.02008819580078,0.010013192892074585,0.0,0.0,1,0.0,0
0.0,0,0.0,1.5598047971725464,0.0,40,-0.21002760529518127,36,120.02008819580078,0.010527551174163818,0.0,0.0,1,0.0,0
0.0,0,0.0,1.5598047971725464,0.0,40,-0.18894338607788086,36,120.02008819580078,0.009609788656234741,0.0,0.0,1,0.0,0
0.0,0,0.0,1.5598047971725464,0.0,40,-0.1838696300983429,36,120.02008819580078,0.009412318468093872,0.0,0.0,1,0.0,0
0.0,0,0.0,1.5598047971725464,0.0,40,-0.18952493369579315,36,120.02008819580078,0.010136067867279053,0.0,0.0,1,0.0,0
0.0,0,0.0,1.5598047971725464,0.0,40,-0.18856878578662872,36,120.02008819580078,0.009960919618606567,0.0,0.0,1,0.0,0
0.0,0,0.0,1.5598047971725464,0.0,40,-0.2312980741262436,36,120.02008819580078,0.011339694261550903,0.0,0.0,1,0.0,0
0.0,0,0.0,1.5598047971725464,0.0,40,-0.20965182781219482,36,120.02008819580078,0.010594397783279419,0.0,0.0,1,0.0,0
0.0,0,0.0,1.5598047971725464,0.0,40,-0.1798119843006134,36,120.02008819580078,0.009894341230392456,0.0,0.0,1,0.0,0
0.0,0,0.0,1.5598047971725464,0.0,40,-0.18427523970603943,36,120.02008819580078,0.009828299283981323,0.0,0.0,1,0.0,0
0.0,0,0.0,1.5598047971725464,0.0,40,-0.2063596099615097,36,120.02008819580078,0.010567516088485718,0.0,0.0,1,0.0,0
0.0,0,0.0,1.5598047971725464,0.0,40,-0.22123168408870697,36,120.02008819580078,0.011102348566055298,0.0,0.0,1,0.0,0
0.0,0,0.0,1.5598047971725464,0.0,40,-0.21217647194862366,36,120.02008819580078,0.010537177324295044,0.0,0.0,1,0.0,0
0.0,0,0.0,1.5598047971725464,0.0,40,-0.20369656383991241,36,120.02008819580078,0.010072976350784302,0.0,0.0,1,0.0,0
0.0,0,0.0,1.5598047971725464,0.0,40,-0.17554010450839996,36,120.02008819580078,0.00964614748954773,0.0,0.0,1,0.0,0
0.0,0,0.0,1.5598047971725464,0.0,40,-0.1948724389076233,36,120.02008819580078,0.010556846857070923,0.0,0.0,1,0.0,0
0.0,0,0.0,1.5598047971725464,0.0,40,-0.19319526851177216,36,120.02008819580078,0.010046660900115967,0.0,0.0,1,0.0,0
0.0,0,0.0,1.5598047971725464,0.0,40,-0.18284176290035248,36,120.02008819580078,0.009740650653839111,0.0,0.0,1,0.0,0
0.0,0,0.0,1.5598047971725464,0.0,40,-0.1979241818189621,36,120.02008819580078,0.0103091299533844,0.0,0.0,1,0.0,0
0.0,0,0.0,1.5598047971725464,0.0,40,-0.20843198895454407,36,120.02008819580078,0.010528266429901123,0.0,0.0,1,0.0,0
0.0,0,0.0,1.5598047971725464,0.0,40,-0.20351871848106384,36,120.02008819580078,0.010159045457839966,0.0,0.0,1,0.0,0
0.0,0,0.0,1.5598047971725464,0.0,40,-0.20810887217521667,36,120.02008819580078,0.010386765003204346,0.0,0.0,1,0.0,0
0.0,0,0.0,1.5598047971725464,0.0,40,-0.1960516721010208,36,120.02008819580078,0.009955167770385742,0.0,0.0,1,0.0,0
0.0,0,0.0,1.5598047971725464,0.0,40,-0.16323651373386383,36,120.02008819580078,0.009679615497589111,0.0,0.0,1,0.0,0
0.0,0,0.0,1.5598047971725464,0.0,40,-0.1789466142654419,36,120.02008819580078,0.009967267513275146,0.0,0.0,1,0.0,0
0.0,0,0.0,1.5598047971725464,0.0,40,-0.19665035605430603,36,120.02008819580078,0.010421276092529297,0.0,0.0,1,0.0,0
0.0,0,0.0,1.5598047971725464,0.0,40,-0.22246231138706207,36,120.02008819580078,0.011116653680801392,0.0,0.0,1,0.0,0
0.0,0,0.0,1.5598047971725464,0.0,40,-0.21854819357395172,36,120.02008819580078,0.01097095012664795,0.0,0.0,1,0.0,0
0.0,0,0.0,1.5598047971725464,0.0,40,-0.18304839730262756,36,120.02008819580078,0.009835213422775269,0.0,0.0,1,0.0,0
0.0,0,0.0,1.5598047971725464,0.0,40,-0.18098899722099304,36,120.02008819580078,0.009752452373504639,0.0,0.0,1,0.0,0
0.0,0,0.0,1.5598047971725464,0.0,40,-0.2158167064189911,36,120.02008819580078,0.010834604501724243,0.0,0.0,1,0.0,0
0.0,0,0.0,1.5598047971725464,0.0,40,-0.2109462022781372,36,120.02008819580078,0.010663211345672607,0.0,0.0,1,0.0,0
0.0,0,0.0,1.5598047971725464,0.0,40,-0.19973590970039368,36,120.02008819580078,0.010242223739624023,0.0,0.0,1,0.0,0
0.0,0,0.0,1.5598047971725464,0.0,40,-0.2127123475074768,36,120.02008819580078,0.01040986180305481,0.0,0.0,1,0.0,0
0.0,0,0.0,1.5598047971725464,0.0,40,-0.16280439496040344,36,120.02008819580078,0.009793311357498169,0.0,0.0,1,0.0,0
0.0,0,0.0,1.5598047971725464,0.0,40,-0.19657295942306519,36,120.02008819580078,0.010617107152938843,0.0,0.0,1,0.0,0
0.0,0,0.0,1.5598047971725464,0.0,40,-0.20870468020439148,36,120.02008819580078,0.010288327932357788,0.0,0.0,1,0.0,0
0.0,0,0.0,1.5598047971725464,0.0,40,-0.18378810584545135,36,120.02008819580078,0.009644955396652222,0.0,0.0,1,0.0,0
0.0,0,0.0,1.5598047971725464,0.0,40,-0.2115015685558319,36,120.02008819580078,0.01058998703956604,0.0,0.0,1,0.0,0
0.0,0,0.0,1.5598047971725464,0.0,40,-0.19407270848751068,36,120.02008819580078,0.010137319564819336,0.0,0.0,1,0.0,0
0.0,0,0.0,1.5598047971725464,0.0,40,-0.19116637110710144,36,120.02008819580078,0.010005176067352295,0.0,0.0,1,0.0,0
0.0,0,0.0,1.5598047971725464,0.0,40,-0.20985104143619537,36,120.02008819580078,0.010531842708587646,0.0,0.0,1,0.0,0
0.0,0,0.0,1.5598047971725464,0.0,40,-0.189040407538414,36,120.02008819580078,0.009631752967834473,0.0,0.0,1,0.0,0
0.0,0,0.0,1.5598047971725464,0.0,40,-0.183511421084404,36,120.02008819580078,0.00938403606414795,0.0,0.0,1,0.0,0
0.0,0,0.0,1.5598047971725464,0.0,40,-0.18839994072914124,36,120.02008819580078,0.010083287954330444,0.0,0.0,1,0.0,0
0.0,0,0.0,1.5598047971725464,0.0,40,-0.18673045933246613,36,120.02008819580078,0.009901076555252075,0.0,0.0,1,0.0,0
0.0,0,0.0,1.5598047971725464,0.0,40,-0.23116526007652283,36,120.02008819580078,0.011345267295837402,0.0,0.0,1,0.0,0
0.0,0,0.0,1.5598047971725464,0.0,40,-0.20847254991531372,36,120.02008819580078,0.010543674230575562,0.0,0.0,1,0.0,0
0.0,0,0.0,1.5598047971725464,0.0,40,-0.17853733897209167,36,120.02008819580078,0.009847760200500488,0.0,0.0,1,0.0,0
0.0,0,0.0,1.5598047971725464,0.0,40,-0.18337607383728027,36,120.02008819580078,0.009797811508178711,0.0,0.0,1,0.0,0
0.0,0,0.0,1.5598047971725464,0.0,40,-0.20594115555286407,36,120.02008819580078,0.010531783103942871,0.0,0.0,1,0.0,0
0.0,0,0.0,1.5598047971725464,0.0,40,-0.2207120954990387,36,120.02008819580078,0.011071562767028809,0.0,0.0,1,0.0,0
0.0,0,0.0,1.5598047971725464,0.0,40,-0.21086063981056213,36,120.02008819580078,0.010475307703018188,0.0,0.0,1,0.0,0
0.0,0,0.0,1.5598047971725464,0.0,40,-0.20251436531543732,36,120.02008819580078,0.00998753309249878,0.0,0.0,1,0.0,0
0.0,0,0.0,1.5598047971725464,0.0,40,-0.17427392303943634,36,120.02008819580078,0.009609967470169067,0.0,0.0,1,0.0,0
0.0,0,0.0,1.5598047971725464,0.0,40,-0.19400790333747864,36,120.02008819580078,0.010515183210372925,0.0,0.0,1,0.0,0
0.0,0,0.0,1.5598047971725464,0.0,40,-0.1917157769203186,36,120.02008819580078,0.00999361276626587,0.0,0.0,1,0.0,0
0.0,0,0.0,1.5598047971725464,0.0,40,-0.17988020181655884,36,120.02008819580078,0.009634971618652344,0.0,0.0,1,0.0,0
0.0,0,0.0,1.5598047971725464,0.0,40,-0.19635850191116333,36,120.02008819580078,0.010244309902191162,0.0,0.0,1,0.0,0
0.0,0,0.0,1.5598047971725464,0.0,40,-0.20710405707359314,36,120.02008819580078,0.010465890169143677,0.0,0.0,1,0.0,0
0.0,0,0.0,1.5598047971725464,0.0,40,-0.20224010944366455,36,120.02008819580078,0.010123878717422485,0.0,0.0,1,0.0,0
0.0,0,0.0,1.5598047971725464,0.0,40,-0.20648327469825745,36,120.02008819580078,0.010326653718948364,0.0,0.0,1,0.0,0
0.0,0,0.0,1.5598047971725464,0.0,40,-0.19449394941329956,36,120.02008819580078,0.009862184524536133,0.0,0.0,1,0.0,0
0.0,0,0.0,1.5598047971725464,0.0,40,-0.16237133741378784,36,120.02008819580078,0.009697884321212769,0.0,0.0,1,0.0,0
0.0,0,0.0,1.5598047971725464,0.0,40,-0.17567594349384308,36,120.02008819580078,0.009884804487228394,0.0,0.0,1,0.0,0
0.0,0,0.0,1.5598047971725464,0.0,40,-0.195173442363739,36,120.02008819580078,0.010334879159927368,0.0,0.0,1,0.0,0
0.0,0,0.0,1.5598047971725464,0.0,40,-0.22125238180160522,36,120.02008819580078,0.011049032211303711,0.0,0.0,1,0.0,0
0.0,0,0.0,1.5598047971725464,0.0,40,-0.21774618327617645,36,120.02008819580078,0.01089981198310852,0.0,0.0,1,0.0,0
0.0,0,0.0,1.5598047971725464,0.0,40,-0.18025706708431244,36,120.02008819580078,0.009682536125183105,0.0,0.0,1,0.0,0
0.0,0,0.0,1.5598047971725464,0.0,40,-0.17871183156967163,36,120.02008819580078,0.00967097282409668,0.0,0.0,1,0.0,0
0.0,0,0.0,1.5598047971725464,0.0,40,-0.21547235548496246,36,120.02008819580078,0.010781019926071167,0.0,0.0,1,0.0,0
0.0,0,0.0,1.5598047971725464,0.0,40,-0.2102777659893036,36,120.02008819580078,0.010595321655273438,0.0,0.0,1,0.0,0
0.0,0,0.0,1.5598047971725464,0.0,40,-0.19854886829853058,36,120.02008819580078,0.010169118642807007,0.0,0.0,1,0.0,0
0.0,0,0.0,1.5598047971725464,0.0,40,-0.21271036565303802,36,120.02008819580078,0.01039096713066101,0.0,0.0,1,0.0,0
0.0,0,0.0,1.5598047971725464,0.0,40,-0.16087040305137634,36,120.02008819580078,0.009848803281784058,0.0,0.0,1,0.0,0
0.0,0,0.0,1.5598047971725464,0.0,40,-0.19550485908985138,36,120.02008819580078,0.010556787252426147,0.0,0.0,1,0.0,0
0.0,0,0.0,1.5598047971725464,0.0,40,-0.20780663192272186,36,120.02008819580078,0.010224342346191406,0.0,0.0,1,0.0,0
0.0,0,0.0,1.5598047971725464,0.0,40,-0.18253810703754425,36,120.02008819580078,0.009592592716217041,0.0,0.0,1,0.0,0
0.0,0,0.0,1.5598047971725464,0.0,40,-0.2109495997428894,36,120.02008819580078,0.01054304838180542,0.0,0.0,1,0.0,0
0.0,0,0.0,1.5598047971725464,0.0,40,-0.19432203471660614,36,120.02008819580078,0.0101318359375,0.0,0.0,1,0.0,0
0.0,0,0.0,1.5598047971725464,0.0,40,-0.1899707019329071,36,120.02008819580078,0.009907335042953491,0.0,0.0,1,0.0,0
0.0,0,0.0,1.5598047971725464,0.0,40,-0.20977899432182312,36,120.02008819580078,0.01050424575805664,0.0,0.0,1,0.0,0
0.0,0,0.0,1.5598047971725464,0.0,40,-0.18770930171012878,36,120.02008819580078,0.009533494710922241,0.0,0.0,1,0.0,0
0.0,0,0.0,1.5598047971725464,0.0,40,-0.18385115265846252,36,120.02008819580078,0.009364306926727295,0.0,0.0,1,0.0,0
0.0,0,0.0,1.5598047971725464,0.0,40,-0.1878730207681656,36,120.02008819580078,0.01001894474029541,0.0,0.0,1,0.0,0
0.0,0,0.0,1.5598047971725464,0.0,40,-0.1861869990825653,36,120.02008819580078,0.009853333234786987,0.0,0.0,1,0.0,0
0.0,0,0.0,1.5598047971725464,0.0,40,-0.23131003975868225,36,120.02008819580078,0.011333972215652466,0.0,0.0,1,0.0,0
0.0,0,0.0,1.5598047971725464,0.0,40,-0.20864206552505493,36,120.02008819580078,0.010515213012695312,0.0,0.0,1,0.0,0
0.0,0,0.0,1.5598047971725464,0.0,40,-0.17849384248256683,36,120.02008819580078,0.009807169437408447,0.0,0.0,1,0.0,0
0.0,0,0.0,1.5598047971725464,0.0,40,-0.18331071734428406,36,120.02008819580078,0.009775340557098389,0.0,0.0,1,0.0,0
0.0,0,0.0,1.5598047971725464,0.0,40,-0.20598404109477997,36,120.02008819580078,0.010504812002182007,0.0,0.0,1,0.0,0
0.0,0,0.0,1.5598047971725464,0.0,40,-0.22106313705444336,36,120.02008819580078,0.011049538850784302,0.0,0.0,1,0.0,0
0.0,0,0.0,1.5598047971725464,0.0,40,-0.21123909950256348,36,120.02008819580078,0.010448426008224487,0.0,0.0,1,0.0,0
0.0,0,0.0,1.5598047971725464,0.0,40,-0.20377814769744873,36,120.02008819580078,0.01000925898551941,0.0,0.0,1,0.0,0
0.0,0,0.0,1.5598047971725464,0.0,40,-0.17451141774654388,36,120.02008819580078,0.009601503610610962,0.0,0.0,1,0.0,0
0.0,0,0.0,1.5598047971725464,0.0,40,-0.1941244751214981,36,120.02008819580078,0.01048925518989563,0.0,0.0,1,0.0,0
0.0,0,0.0,1.5598047971725464,0.0,40,-0.19352976977825165,36,120.02008819580078,0.010008931159973145,0.0,0.0,1,0.0,0
0.0,0,0.0,1.5598047971725464,0.0,40,-0.18084211647510529,36,120.02008819580078,0.00965312123298645,0.0,0.0,1,0.0,0
0.0,0,0.0,1.5598047971725464,0.0,40,-0.19737640023231506,36,120.02008819580078,0.01026308536529541,0.0,0.0,1,0.0,0
0.0,0,0.0,1.5598047971725464,0.0,40,-0.20883673429489136,36,120.02008819580078,0.010529279708862305,0.0,0.0,1,0.0,0
0.0,0,0.0,1.5598047971725464,0.0,40,-0.20230840146541595,36,120.02008819580078,0.01008877158164978,0.0,0.0,1,0.0,0
0.0,0,0.0,1.5598047971725464,0.0,40,-0.20727302134037018,36,120.02008819580078,0.010320156812667847,0.0,0.0,1,0.0,0
0.0,0,0.0,1.5598047971725464,0.0,40,-0.19521453976631165,36,120.02008819580078,0.009848952293395996,0.0,0.0,1,0.0,0
0.0,0,0.0,1.5598047971725464,0.0,40,-0.16375167667865753,36,120.02008819580078,0.009642153978347778,0.0,0.0,1,0.0,0
0.0,0,0.0,1.5598047971725464,0.0,40,-0.17609162628650665,36,120.02008819580078,0.009881168603897095,0.0,0.0,1,0.0,0
0.0,0,0.0,1.5598047971725464,0.0,40,-0.19634728133678436,36,120.02008819580078,0.010357886552810669,0.0,0.0,1,0.0,0
0.0,0,0.0,1.5598047971725464,0.0,40,-0.2217148393392563,36,120.02008819580078,0.011027663946151733,0.0,0.0,1,0.0,0
0.0,0,0.0,1.5598047971725464,0.0,40,-0.2185480147600174,36,120.02008819580078,0.01089942455291748,0.0,0.0,1,0.0,0
0.0,0,0.0,1.5598047971725464,0.0,40,-0.1823374330997467,36,120.02008819580078,0.009741663932800293,0.0,0.0,1,0.0,0
0.0,0,0.0,1.5598047971725464,0.0,40,-0.17894087731838226,36,120.02008819580078,0.009629279375076294,0.0,0.0,1,0.0,0
0.0,0,0.0,1.5598047971725464,0.0,40,-0.21589796245098114,36,120.02008819580078,0.010796427726745605,0.0,0.0,1,0.0,0
0.0,0,0.0,1.5598047971725464,0.0,40,-0.2109091728925705,36,120.02008819580078,0.010573387145996094,0.0,0.0,1,0.0,0
0.0,0,0.0,1.5598047971725464,0.0,40,-0.19980131089687347,36,120.02008819580078,0.010180383920669556,0.0,0.0,1,0.0,0
0.0,0,0.0,1.5598047971725464,0.0,40,-0.21366803348064423,36,120.02008819580078,0.010388791561126709,0.0,0.0,1,0.0,0
0.0,0,0.0,1.5598047971725464,0.0,40,-0.16138358414173126,36,120.02008819580078,0.009822160005569458,0.0,0.0,1,0.0,0
0.0,0,0.0,1.5598047971725464,0.0,40,-0.1971026211977005,36,120.02008819580078,0.010586738586425781,0.0,0.0,1,0.0,0
0.0,0,0.0,1.5598047971725464,0.0,40,-0.20943203568458557,36,120.02008819580078,0.010255306959152222,0.0,0.0,1,0.0,0
0.0,0,0.0,1.5598047971725464,0.0,40,-0.18298719823360443,36,120.02008819580078,0.009590625762939453,0.0,0.0,1,0.0,0
0.0,0,0.0,1.5598047971725464,0.0,40,-0.21227321028709412,36,120.02008819580078,0.010572195053100586,0.0,0.0,1,0.0,0
0.0,0,0.0,1.5598047971725464,0.0,40,-0.19520524144172668,36,120.02008819580078,0.010107100009918213,0.0,0.0,1,0.0,0
0.0,0,0.0,1.5598047971725464,0.0,40,-0.18979613482952118,36,120.02008819580078,0.009852796792984009,0.0,0.0,1,0.0,0
0.0,0,0.0,1.5598047971725464,0.0,40,-0.21035435795783997,36,120.02008819580078,0.010501563549041748,0.0,0.0,1,0.0,0
0.0,0,0.0,1.5598047971725464,0.0,40,-0.1888468712568283,36,120.02008819580078,0.00956389307975769,0.0,0.0,1,0.0,0
0.0,0,0.0,1.5598047971725464,0.0,40,-0.1855696588754654,36,120.02008819580078,0.009390681982040405,0.0,0.0,1,0.0,0
0.0,0,0.0,1.5598047971725464,0.0,40,-0.18754707276821136,36,120.02008819580078,0.009984046220779419,0.0,0.0,1,0.0,0
0.0,0,0.0,1.5598047971725464,0.0,40,-0.1862025260925293,36,120.02008819580078,0.009830296039581299,0.0,0.0,1,0.0,0
0.0,0,0.0,1.5598047971725464,0.0,40,-0.23137646913528442,36,120.02008819580078,0.011296004056930542,0.0,0.0,1,0.0,0
0.0,0,0.0,1.5598047971725464,0.0,40,-0.20952624082565308,36,120.02008819580078,0.010519415140151978,0.0,0.0,1,0.0,0
0.0,0,0.0,1.5598047971725464,0.0,40,-0.1786709725856781,36,120.02008819580078,0.009751379489898682,0.0,0.0,1,0.0,0
0.0,0,0.0,1.5598047971725464,0.0,40,-0.18283125758171082,36,120.02008819580078,0.009705305099487305,0.0,0.0,1,0.0,0
0.0,0,0.0,1.5598047971725464,0.0,40,-0.2061510682106018,36,120.02008819580078,0.01047217845916748,0.0,0.0,1,0.0,0
0.0,0,0.0,1.5598047971725464,0.0,40,-0.22160464525222778,36,120.02008819580078,0.011009901762008667,0.0,0.0,1,0.0,0
0.0,0,0.0,1.5598047971725464,0.0,40,-0.2113274782896042,36,120.02008819580078,0.010405540466308594,0.0,0.0,1,0.0,0
0.0,0,0.0,1.5598047971725464,0.0,40,-0.20344142615795135,36,120.02008819580078,0.009935528039932251,0.0,0.0,1,0.0,0
0.0,0,0.0,1.5598047971725464,0.0,40,-0.1749049574136734,36,120.02008819580078,0.009592890739440918,0.0,0.0,1,0.0,0
0.0,0,0.0,1.5598047971725464,0.0,40,-0.19497129321098328,36,120.02008819580078,0.010469198226928711,0.0,0.0,1,0.0,0
0.0,0,0.0,1.5598047971725464,0.0,40,-0.19279606640338898,36,120.02008819580078,0.009920001029968262,0.0,0.0,1,0.0,0
0.0,0,0.0,1.5598047971725464,0.0,40,-0.18123440444469452,36,120.02008819580078,0.009616464376449585,0.0,0.0,1,0.0,0
0.0,0,0.0,1.5598047971725464,0.0,40,-0.19706973433494568,36,120.02008819580078,0.010209232568740845,0.0,0.0,1,0.0,0
0.0,0,0.0,1.5598047971725464,0.0,40,-0.20849639177322388,36,120.02008819580078,0.010463863611221313,0.0,0.0,1,0.0,0
0.0,0,0.0,1.5598047971725464,0.0,40,-0.2024066150188446,36,120.02008819580078,0.010031849145889282,0.0,0.0,1,0.0,0
0.0,0,0.0,1.5598047971725464,0.0,40,-0.20764081180095673,36,120.02008819580078,0.010281682014465332,0.0,0.0,1,0.0,0
0.0,0,0.0,1.5598047971725464,0.0,40,-0.19476592540740967,36,120.02008819580078,0.009778082370758057,0.0,0.0,1,0.0,0
0.0,0,0.0,1.5598047971725464,0.0,40,-0.16356517374515533,36,120.02008819580078,0.009624242782592773,0.0,0.0,1,0.0,0
0.0,0,0.0,1.5598047971725464,0.0,40,-0.1782279759645462,36,120.02008819580078,0.009904474020004272,0.0,0.0,1,0.0,0
0.0,0,0.0,1.5598047971725464,0.0,40,-0.19557061791419983,36,120.02008819580078,0.010261744260787964,0.0,0.0,1,0.0,0
0.0,0,0.0,1.5598047971725464,0.0,40,-0.22164243459701538,36,120.02008819580078,0.01096951961517334,0.0,0.0,1,0.0,0
0.0,0,0.0,1.5598047971725464,0.0,40,-0.2192067801952362,36,120.02008819580078,0.010884374380111694,0.0,0.0,1,0.0,0
0.0,0,0.0,1.5598047971725464,0.0,40,-0.18191449344158173,36,120.02008819580078,0.009640872478485107,0.0,0.0,1,0.0,0
0.0,0,0.0,1.5598047971725464,0.0,40,-0.1790003925561905,36,120.02008819580078,0.009567826986312866,0.0,0.0,1,0.0,0
0.0,0,0.0,1.5598047971725464,0.0,40,-0.2165844440460205,36,120.02008819580078,0.010750412940979004,0.0,0.0,1,0.0,0
0.0,0,0.0,1.5598047971725464,0.0,40,-0.2117527574300766,36,120.02008819580078,0.010536283254623413,0.0,0.0,1,0.0,0
0.0,0,0.0,1.5598047971725464,0.0,40,-0.20002424716949463,36,120.02008819580078,0.010137587785720825,0.0,0.0,1,0.0,0
0.0,0,0.0,1.5598047971725464,0.0,40,-0.21324308216571808,36,120.02008819580078,0.010324180126190186,0.0,0.0,1,0.0,0
0.0,0,0.0,1.5598047971725464,0.0,40,-0.16182097792625427,36,120.02008819580078,0.009797424077987671,0.0,0.0,1,0.0,0
0.0,0,0.0,1.5598047971725464,0.0,40,-0.1970268040895462,36,120.02008819580078,0.010555535554885864,0.0,0.0,1,0.0,0
0.0,0,0.0,1.5598047971725464,0.0,40,-0.20893841981887817,36,120.02008819580078,0.010175108909606934,0.0,0.0,1,0.0,0
0.0,0,0.0,1.5598047971725464,0.0,40,-0.1848573088645935,36,120.02008819580078,0.00960683822631836,0.0,0.0,1,0.0,0
0.0,0,0.0,1.5598047971725464,0.0,40,-0.21149317920207977,36,120.02008819580078,0.010525822639465332,0.0,0.0,1,0.0,0
0.0,0,0.0,1.5598047971725464,0.0,40,-0.1936948001384735,36,120.02008819580078,0.010038703680038452,0.0,0.0,1,0.0,0
0.0,0,0.0,1.5598047971725464,0.0,40,-0.18980717658996582,36,120.02008819580078,0.009828656911849976,0.0,0.0,1,0.0,0
0.0,0,0.0,1.5598047971725464,0.0,40,-0.21020127832889557,36,120.02008819580078,0.010452449321746826,0.0,0.0,1,0.0,0
0.0,0,0.0,1.5598047971725464,0.0,40,-0.1877763271331787,36,120.02008819580078,0.009477704763412476,0.0,0.0,1,0.0,0
0.0,0,0.0,1.5598047971725464,0.0,40,-0.18474338948726654,36,120.02008819580078,0.009354591369628906,0.0,0.0,1,0.0,0
0.0,0,0.0,1.5598047971725464,0.0,40,-0.18857082724571228,36,120.02008819580078,0.010014116764068604,0.0,0.0,1,0.0,0
0.0,0,0.0,1.5598047971725464,0.0,40,-0.18745756149291992,36,120.02008819580078,0.009853154420852661,0.0,0.0,1,0.0,0
0.0,0,0.0,1.5598047971725464,0.0,40,-0.23128803074359894,36,120.02008819580078,0.011256277561187744,0.0,0.0,1,0.0,0
0.0,0,0.0,1.5598047971725464,0.0,40,-0.20969626307487488,36,120.02008819580078,0.010494232177734375,0.0,0.0,1,0.0,0
0.0,0,0.0,1.5598047971725464,0.0,40,-0.17877383530139923,36,120.02008819580078,0.009734153747558594,0.0,0.0,1,0.0,0
0.0,0,0.0,1.5598047971725464,0.0,40,-0.18288885056972504,36,120.02008819580078,0.009687483310699463,0.0,0.0,1,0.0,0
0.0,0,0.0,1.5598047971725464,0.0,40,-0.2056029886007309,36,120.02008819580078,0.01043817400932312,0.0,0.0,1,0.0,0
0.0,0,0.0,-2.4200048446655273,0.0,35,-0.00394549872726202,39,48.70000076293945,0.023684769868850708,0.0,0.0,1,0.0,0
0.0,0,0.0,-2.4200048446655273,0.0,35,0.07333604991436005,39,48.70000076293945,0.039067402482032776,0.0,0.0,1,0.0,0
0.0,0,0.0,-2.4200048446655273,0.0,35,0.07416489720344543,39,48.70000076293945,0.039776310324668884,0.0,0.0,1,0.0,0
0.0,0,0.0,-2.4200048446655273,0.0,35,0.07579457759857178,39,48.70000076293945,0.03967443108558655,0.0,0.0,1,0.0,0
0.0,0,0.0,-2.4200048446655273,0.0,35,0.012837238609790802,39,48.70000076293945,0.028654932975769043,0.0,0.0,1,0.0,0
0.0,0,0.0,-2.419973611831665,0.0,35,0.007208505179733038,39,48.700340270996094,0.018474221229553223,0.0,0.0,1,0.0,0
0.0,0,0.0,-2.420044422149658,0.0,35,0.0068213362246751785,39,48.701053619384766,0.025658220052719116,0.0,0.0,1,0.0,0
0.0,0,0.0,-2.42000150680542,0.0,35,0.005778135731816292,39,48.70090866088867,0.026979684829711914,0.0,0.0,1,0.0,0
0.0,0,0.0,-2.419969081878662,0.0,35,0.005273166112601757,39,48.70064926147461,0.026539921760559082,0.0,0.0,1,0.0,0
0.0,0,0.0,-2.419954538345337,0.0,35,0.004780405201017857,39,48.700439453125,0.02582252025604248,0.0,0.0,1,0.0,0
0.0,0,0.0,-2.419949531555176,0.0,35,0.004769722931087017,39,48.700286865234375,0.025471001863479614,0.0,0.0,1,0.0,0
0.0,0,0.0,-2.4199488162994385,0.0,35,0.004762393422424793,39,48.7001953125,0.025229722261428833,0.0,0.0,1,0.0,0
0.0,0,0.0,-2.4199512004852295,0.0,35,0.00475753378123045,39,48.70012664794922,0.025069773197174072,0.0,0.0,1,0.0,0
0.0,0,0.0,-2.419951915740967,0.0,35,0.004754418041557074,39,48.70008087158203,0.024967342615127563,0.0,0.0,1,0.0,0
0.0,0,0.0,-2.4199533462524414,0.0,35,0.004752431996166706,39,48.70005416870117,0.02490219473838806,0.0,0.0,1,0.0,0
0.0,0,0.0,-2.4199306964874268,0.0,35,0.004751176107674837,39,48.70004653930664,0.024860888719558716,0.0,0.0,1,0.0,0
0.0,0,0.0,-2.4199178218841553,0.0,35,0.00475034024566412,39,48.70002746582031,0.024833470582962036,0.0,0.0,1,0.0,0
0.0,0,0.0,-2.4199142456054688,0.0,35,0.004749638494104147,39,48.70001983642578,0.024810373783111572,0.0,0.0,1,0.0,0
0.0,0,0.0,-2.419909715652466,0.0,35,0.0047495984472334385,39,48.700008392333984,0.02480897307395935,0.0,0.0,1,0.0,0
0.0,0,0.0,-2.4199059009552,0.0,35,0.004749455489218235,39,48.70000076293945,0.024804115295410156,0.0,0.0,1,0.0,0
0.0,0,0.0,-2.419903039932251,0.0,35,0.00474922452121973,39,48.69999313354492,0.024796724319458008,0.0,0.0,1,0.0,0
0.0,0,0.0,-2.4199018478393555,0.0,35,0.004749006126075983,39,48.699989318847656,0.024789512157440186,0.0,0.0,1,0.0,0
0.0,0,0.0,-2.419900417327881,0.0,35,0.004749021492898464,39,48.699989318847656,0.024789929389953613,0.0,0.0,1,0.0,0
0.0,0,0.0,-2.4198994636535645,0.0,35,0.004749013110995293,39,48.699989318847656,0.024789810180664062,0.0,0.0,1,0.0,0
0.0,0,0.0,-2.419898509979248,0.0,35,0.004748923238366842,39,48.69998550415039,0.024786651134490967,0.0,0.0,1,0.0,0
0.0,0,0.0,-2.419898271560669,0.0,35,0.004748920910060406,39,48.69998550415039,0.024786382913589478,0.0,0.0,1,0.0,0
0.0,0,0.0,-2.4198977947235107,0.0,35,0.004748923238366842,39,48.69998550415039,0.024786531925201416,0.0,0.0,1,0.0,0
0.0,0,0.0,-2.4198977947235107,0.0,35,0.004748898092657328,39,48.69998550415039,0.02478569746017456,0.0,0.0,1,0.0,0
0.0,0,0.0,-2.4198973178863525,0.0,35,0.004748891107738018,39,48.69998550415039,0.024785518646240234,0.0,0.0,1,0.0,0
0.0,0,0.0,-2.4198966026306152,0.0,35,0.00474888551980257,39,48.69998550415039,0.024785488843917847,0.0,0.0,1,0.0,0
0.0,0,0.0,-2.4198966026306152,0.0,35,0.0047488734126091,39,48.69998550415039,0.02478504180908203,0.0,0.0,1,0.0,0
0.0,0,0.0,-2.4198966026306152,0.0,35,0.004748889245092869,39,48.69998550415039,0.024785757064819336,0.0,0.0,1,0.0,0
0.0,0,0.0,-2.4198966026306152,0.0,35,0.0047488766722381115,39,48.69998550415039,0.024785012006759644,0.0,0.0,1,0.0,0
0.0,0,0.0,-2.4198966026306152,0.0,35,0.004748884588479996,39,48.69998550415039,0.024785339832305908,0.0,0.0,1,0.0,0
0.0,0,0.0,-2.4198966026306152,0.0,35,0.004748894367367029,39,48.69998550415039,0.024785786867141724,0.0,0.0,1,0.0,0
0.0,0,0.0,-2.4198966026306152,0.0,35,0.004748896230012178,39,48.69998550415039,0.024785786867141724,0.0,0.0,1,0.0,0
0.0,0,0.0,-2.4198966026306152,0.0,35,0.004748892039060593,39,48.69998550415039,0.024785786867141724,0.0,0.0,1,0.0,0
0.0,0,0.0,-2.4198966026306152,0.0,35,0.00474889762699604,39,48.69998550415039,0.024785786867141724,0.0,0.0,1,0.0,0
0.0,0,0.0,-2.4198966026306152,0.0,35,0.004748888313770294,39,48.69998550415039,0.024785369634628296,0.0,0.0,1,0.0,0
0.0,0,0.0,-2.4198966026306152,0.0,35,0.004748885054141283,39,48.69998550415039,0.024785369634628296,0.0,0.0,1,0.0,0
0.0,0,0.0,-2.4198966026306152,0.0,35,0.004748884588479996,39,48.69998550415039,0.024785399436950684,0.0,0.0,1,0.0,0
0.0,0,0.0,-2.4198966026306152,0.0,35,0.004748890176415443,39,48.69998550415039,0.02478542923927307,0.0,0.0,1,0.0,0
0.0,0,0.0,-2.4198966026306152,0.0,35,0.004748879466205835,39,48.69998550415039,0.024785339832305908,0.0,0.0,1,0.0,0
0.0,0,0.0,-2.4198966026306152,0.0,35,0.004748884588479996,39,48.69998550415039,0.024785339832305908,0.0,0.0,1,0.0,0
0.0,0,0.0,-2.4198966026306152,0.0,35,0.004748883657157421,39,48.69998550415039,0.024785369634628296,0.0,0.0,1,0.0,0
0.0,0,0.0,-2.4198966026306152,0.0,35,0.004748883657157421,39,48.69998550415039,0.024785369634628296,0.0,0.0,1,0.0,0
0.0,0,0.0,-2.4198966026306152,0.0,35,0.00474888551980257,39,48.69998550415039,0.024785339832305908,0.0,0.0,1,0.0,0
0.0,0,0.0,-2.4198966026306152,0.0,35,0.004748883191496134,39,48.69998550415039,0.024785369634628296,0.0,0.0,1,0.0,0
0.0,0,0.0,-2.4198966026306152,0.0,35,0.004748879466205835,39,48.69998550415039,0.024785339832305908,0.0,0.0,1,0.0,0
0.0,0,0.0,-2.4198966026306152,0.0,35,0.004748878534883261,39,48.69998550415039,0.024785280227661133,0.0,0.0,1,0.0,0
0.0,0,0.0,-2.4198966026306152,0.0,35,0.00474888551980257,39,48.69998550415039,0.024785339832305908,0.0,0.0,1,0.0,0
0.0,0,0.0,-2.4198966026306152,0.0,35,0.004748883657157421,39,48.69998550415039,0.024785369634628296,0.0,0.0,1,0.0,0
0.0,0,0.0,-2.4198966026306152,0.0,35,0.00474888551980257,39,48.69998550415039,0.024785369634628296,0.0,0.0,1,0.0,0
0.0,0,0.0,-2.4198966026306152,0.0,35,0.004748883191496134,39,48.69998550415039,0.02478542923927307,0.0,0.0,1,0.0,0
0.0,0,0.0,-2.4198966026306152,0.0,35,0.004748882260173559,39,48.69998550415039,0.024785339832305908,0.0,0.0,1,0.0,0
0.0,0,0.0,-2.4198966026306152,0.0,35,0.004748884588479996,39,48.69998550415039,0.024785339832305908,0.0,0.0,1,0.0,0
0.0,0,0.0,-2.4198966026306152,0.0,35,0.004748883657157421,39,48.69998550415039,0.024785369634628296,0.0,0.0,1,0.0,0
0.0,0,0.0,-2.4198966026306152,0.0,35,0.004748882260173559,39,48.69998550415039,0.024785339832305908,0.0,0.0,1,0.0,0
0.0,0,0.0,-2.4198966026306152,0.0,35,0.004748884588479996,39,48.69998550415039,0.024785339832305908,0.0,0.0,1,0.0,0
0.0,0,0.0,-2.4198966026306152,0.0,35,0.004748883657157421,39,48.69998550415039,0.024785369634628296,0.0,0.0,1,0.0,0
0.0,0,0.0,-2.4198966026306152,0.0,35,0.004748889245092869,39,48.69998550415039,0.024785369634628296,0.0,0.0,1,0.0,0
0.0,0,0.0,-2.4198966026306152,0.0,35,0.004748890642076731,39,48.69998550415039,0.024785369634628296,0.0,0.0,1,0.0,0
0.0,0,0.0,-2.4198966026306152,0.0,35,0.004748879000544548,39,48.69998550415039,0.024785280227661133,0.0,0.0,1,0.0,0
0.0,0,0.0,-2.4198966026306152,0.0,35,0.0047488827258348465,39,48.69998550415039,0.024785339832305908,0.0,0.0,1,0.0,0
0.0,0,0.0,-2.4198966026306152,0.0,35,0.004748888313770294,39,48.69998550415039,0.024785369634628296,0.0,0.0,1,0.0,0
0.0,0,0.0,-2.4198966026306152,0.0,35,0.004748883657157421,39,48.69998550415039,0.024785369634628296,0.0,0.0,1,0.0,0
0.0,0,0.0,-2.4198966026306152,0.0,35,0.004748879466205835,39,48.69998550415039,0.024785250425338745,0.0,0.0,1,0.0,0
0.0,0,0.0,-2.4198966026306152,0.0,35,0.004748885985463858,39,48.69998550415039,0.024785369634628296,0.0,0.0,1,0.0,0
0.0,0,0.0,-2.4198966026306152,0.0,35,0.00474888551980257,39,48.69998550415039,0.024785339832305908,0.0,0.0,1,0.0,0
0.0,0,0.0,-2.4198966026306152,0.0,35,0.004748879466205835,39,48.69998550415039,0.024785339832305908,0.0,0.0,1,0.0,0
0.0,0,0.0,-2.4198966026306152,0.0,35,0.004748882260173559,39,48.69998550415039,0.024785280227661133,0.0,0.0,1,0.0,0
0.0,0,0.0,-2.4198966026306152,0.0,35,0.004748888313770294,39,48.69998550415039,0.024785369634628296,0.0,0.0,1,0.0,0
0.0,0,0.0,-2.4198966026306152,0.0,35,0.004748884588479996,39,48.69998550415039,0.024785339832305908,0.0,0.0,1,0.0,0
0.0,0,0.0,-2.4198966026306152,0.0,35,0.004748888313770294,39,48.69998550415039,0.024785369634628296,0.0,0.0,1,0.0,0
0.0,0,0.0,-2.4198966026306152,0.0,35,0.004748887848109007,39,48.69998550415039,0.024785369634628296,0.0,0.0,1,0.0,0
0.0,0,0.0,-2.4198966026306152,0.0,35,0.00474888039752841,39,48.69998550415039,0.024785280227661133,0.0,0.0,1,0.0,0
0.0,0,0.0,-2.4198966026306152,0.0,35,0.004748879466205835,39,48.69998550415039,0.024785339832305908,0.0,0.0,1,0.0,0
0.0,0,0.0,-2.4198966026306152,0.0,35,0.00474888551980257,39,48.69998550415039,0.024785339832305908,0.0,0.0,1,0.0,0
0.0,0,0.0,-2.4198966026306152,0.0,35,0.004748890642076731,39,48.69998550415039,0.024785369634628296,0.0,0.0,1,0.0,0
0.0,0,0.0,-2.4198966026306152,0.0,35,0.0047488827258348465,39,48.69998550415039,0.024785339832305908,0.0,0.0,1,0.0,0
0.0,0,0.0,-2.4198966026306152,0.0,35,0.004748884588479996,39,48.69998550415039,0.024785339832305908,0.0,0.0,1,0.0,0
0.0,0,0.0,-2.4198966026306152,0.0,35,0.004748882260173559,39,48.69998550415039,0.024785339832305908,0.0,0.0,1,0.0,0
0.0,0,0.0,-2.4198966026306152,0.0,35,0.004748873878270388,39,48.69998550415039,0.024785339832305908,0.0,0.0,1,0.0,0
0.0,0,0.0,-2.4198966026306152,0.0,35,0.004748884588479996,39,48.69998550415039,0.024785339832305908,0.0,0.0,1,0.0,0
0.0,0,0.0,-2.4198966026306152,0.0,35,0.004748883657157421,39,48.69998550415039,0.024785369634628296,0.0,0.0,1,0.0,0
0.0,0,0.0,-2.4198966026306152,0.0,35,0.004748888313770294,39,48.69998550415039,0.024785369634628296,0.0,0.0,1,0.0,0
0.0,0,0.0,-2.4198966026306152,0.0,35,0.004748883657157421,39,48.69998550415039,0.024785369634628296,0.0,0.0,1,0.0,0
0.0,0,0.0,-2.4198966026306152,0.0,35,0.004748879466205835,39,48.69998550415039,0.024785339832305908,0.0,0.0,1,0.0,0
0.0,0,0.0,-2.4198966026306152,0.0,35,0.0047488827258348465,39,48.69998550415039,0.024785339832305908,0.0,0.0,1,0.0,0
0.0,0,0.0,-2.4198966026306152,0.0,35,0.004748888313770294,39,48.69998550415039,0.024785369634628296,0.0,0.0,1,0.0,0
0.0,0,0.0,-2.4198966026306152,0.0,35,0.004748883657157421,39,48.69998550415039,0.024785369634628296,0.0,0.0,1,0.0,0
0.0,0,0.0,-2.4198966026306152,0.0,35,0.00474888039752841,39,48.69998550415039,0.024785250425338745,0.0,0.0,1,0.0,0
0.0,0,0.0,-2.4198966026306152,0.0,35,0.004748885985463858,39,48.69998550415039,0.024785369634628296,0.0,0.0,1,0.0,0
0.0,0,0.0,-2.4198966026306152,0.0,35,0.004748883657157421,39,48.69998550415039,0.024785369634628296,0.0,0.0,1,0.0,0
0.0,0,0.0,-2.4198966026306152,0.0,35,0.004748879466205835,39,48.69998550415039,0.024785339832305908,0.0,0.0,1,0.0,0
0.0,0,0.0,-2.4198966026306152,0.0,35,0.0047488827258348465,39,48.69998550415039,0.024785339832305908,0.0,0.0,1,0.0,0
0.0,0,0.0,-2.4198966026306152,0.0,35,0.004748888313770294,39,48.69998550415039,0.024785369634628296,0.0,0.0,1,0.0,0
0.0,0,0.0,-2.4198966026306152,0.0,35,0.004748884588479996,39,48.69998550415039,0.024785339832305908,0.0,0.0,1,0.0,0
0.0,0,0.0,-2.4198966026306152,0.0,35,0.004748879466205835,39,48.69998550415039,0.024785339832305908,0.0,0.0,1,0.0,0
0.0,0,0.0,-2.4198966026306152,0.0,35,0.004748884588479996,39,48.69998550415039,0.024785339832305908,0.0,0.0,1,0.0,0
0.0,0,0.0,-2.4198966026306152,0.0,35,0.00474888551980257,39,48.69998550415039,0.024785339832305908,0.0,0.0,1,0.0,0
0.0,0,0.0,-2.4198966026306152,0.0,35,0.004748884588479996,39,48.69998550415039,0.024785339832305908,0.0,0.0,1,0.0,0
0.0,0,0.0,-2.4198966026306152,0.0,35,0.004748882260173559,39,48.69998550415039,0.024785339832305908,0.0,0.0,1,0.0,0
0.0,0,0.0,-2.4198966026306152,0.0,35,0.004748884588479996,39,48.69998550415039,0.024785339832305908,0.0,0.0,1,0.0,0
0.0,0,0.0,-2.4198966026306152,0.0,35,0.004748884588479996,39,48.69998550415039,0.024785339832305908,0.0,0.0,1,0.0,0
0.0,0,0.0,-2.4198966026306152,0.0,35,0.004748885985463858,39,48.69998550415039,0.024785369634628296,0.0,0.0,1,0.0,0
0.0,0,0.0,-2.4198966026306152,0.0,35,0.004748885054141283,39,48.69998550415039,0.024785250425338745,0.0,0.0,1,0.0,0
0.0,0,0.0,-2.4198966026306152,0.0,35,0.00474888039752841,39,48.69998550415039,0.024785280227661133,0.0,0.0,1,0.0,0
0.0,0,0.0,-2.4198966026306152,0.0,35,0.004748884588479996,39,48.69998550415039,0.024785339832305908,0.0,0.0,1,0.0,0
0.0,0,0.0,-2.4198966026306152,0.0,35,0.004748883657157421,39,48.69998550415039,0.024785369634628296,0.0,0.0,1,0.0,0
0.0,0,0.0,-2.4198966026306152,0.0,35,0.004748881328850985,39,48.69998550415039,0.024785369634628296,0.0,0.0,1,0.0,0
0.0,0,0.0,-2.4198966026306152,0.0,35,0.004748884588479996,39,48.69998550415039,0.024785339832305908,0.0,0.0,1,0.0,0
0.0,0,0.0,-2.4198966026306152,0.0,35,0.004748882260173559,39,48.69998550415039,0.024785339832305908,0.0,0.0,1,0.0,0
0.0,0,0.0,-2.4198966026306152,0.0,35,0.004748883657157421,39,48.69998550415039,0.024785369634628296,0.0,0.0,1,0.0,0
0.0,0,0.0,-2.4198966026306152,0.0,35,0.004748888313770294,39,48.69998550415039,0.024785369634628296,0.0,0.0,1,0.0,0
0.0,0,0.0,-2.4198966026306152,0.0,35,0.004748884588479996,39,48.69998550415039,0.024785339832305908,0.0,0.0,1,0.0,0
0.0,0,0.0,-2.4198966026306152,0.0,35,0.004748882260173559,39,48.69998550415039,0.024785339832305908,0.0,0.0,1,0.0,0
0.0,0,0.0,-2.4198966026306152,0.0,35,0.004748883657157421,39,48.69998550415039,0.024785369634628296,0.0,0.0,1,0.0,0
0.0,0,0.0,-2.4198966026306152,0.0,35,0.004748882260173559,39,48.69998550415039,0.024785339832305908,0.0,0.0,1,0.0,0
0.0,0,0.0,-2.4198966026306152,0.0,35,0.004748883657157421,39,48.69998550415039,0.024785369634628296,0.0,0.0,1,0.0,0
0.0,0,0.0,-2.4198966026306152,0.0,35,0.004748873878270388,39,48.69998550415039,0.024785339832305908,0.0,0.0,1,0.0,0
0.0,0,0.0,-2.4198966026306152,0.0,35,0.004748888313770294,39,48.69998550415039,0.024785369634628296,0.0,0.0,1,0.0,0
0.0,0,0.0,-2.4198966026306152,0.0,35,0.00474888738244772,39,48.69998550415039,0.024785280227661133,0.0,0.0,1,0.0,0
0.0,0,0.0,-2.4198966026306152,0.0,35,0.004748884588479996,39,48.69998550415039,0.024785339832305908,0.0,0.0,1,0.0,0
0.0,0,0.0,-2.4198966026306152,0.0,35,0.004748883657157421,39,48.69998550415039,0.024785369634628296,0.0,0.0,1,0.0,0
0.0,0,0.0,-2.4198966026306152,0.0,35,0.004748879466205835,39,48.69998550415039,0.024785339832305908,0.0,0.0,1,0.0,0
0.0,0,0.0,-2.4198966026306152,0.0,35,0.004748884588479996,39,48.69998550415039,0.024785339832305908,0.0,0.0,1,0.0,0
0.0,0,0.0,-2.4198966026306152,0.0,35,0.004748883657157421,39,48.69998550415039,0.024785369634628296,0.0,0.0,1,0.0,0
0.0,0,0.0,-2.4198966026306152,0.0,35,0.00474888551980257,39,48.69998550415039,0.024785369634628296,0.0,0.0,1,0.0,0
0.0,0,0.0,-2.4198966026306152,0.0,35,0.004748884588479996,39,48.69998550415039,0.024785339832305908,0.0,0.0,1,0.0,0
0.0,0,0.0,-2.4198966026306152,0.0,35,0.004748885985463858,39,48.69998550415039,0.024785369634628296,0.0,0.0,1,0.0,0
0.0,0,0.0,-2.4198966026306152,0.0,35,0.00474888738244772,39,48.69998550415039,0.024785280227661133,0.0,0.0,1,0.0,0
0.0,0,0.0,-2.4198966026306152,0.0,35,0.004748884588479996,39,48.69998550415039,0.024785339832305908,0.0,0.0,1,0.0,0
0.0,0,0.0,-2.4198966026306152,0.0,35,0.004748884588479996,39,48.69998550415039,0.024785339832305908,0.0,0.0,1,0.0,0
0.0,0,0.0,-2.4198966026306152,0.0,35,0.004748883657157421,39,48.69998550415039,0.024785369634628296,0.0,0.0,1,0.0,0
0.0,0,0.0,-2.4198966026306152,0.0,35,0.004748884588479996,39,48.69998550415039,0.024785339832305908,0.0,0.0,1,0.0,0
0.0,0,0.0,-2.4198966026306152,0.0,35,0.004748872481286526,39,48.69998550415039,0.024785339832305908,0.0,0.0,1,0.0,0
0.0,0,0.0,-2.4198966026306152,0.0,35,0.004748879466205835,39,48.69998550415039,0.024785339832305908,0.0,0.0,1,0.0,0
0.0,0,0.0,-2.4198966026306152,0.0,35,0.004748884588479996,39,48.69998550415039,0.024785339832305908,0.0,0.0,1,0.0,0
0.0,0,0.0,-2.4198966026306152,0.0,35,0.004748883191496134,39,48.69998550415039,0.024785369634628296,0.0,0.0,1,0.0,0
0.0,0,0.0,-2.4198966026306152,0.0,35,0.004748884588479996,39,48.69998550415039,0.024785339832305908,0.0,0.0,1,0.0,0
0.0,0,0.0,-2.4198966026306152,0.0,35,0.004748881328850985,39,48.69998550415039,0.024785280227661133,0.0,0.0,1,0.0,0
0.0,0,0.0,-2.4198966026306152,0.0,35,0.004748884588479996,39,48.69998550415039,0.024785339832305908,0.0,0.0,1,0.0,0
0.0,0,0.0,-2.4198966026306152,0.0,35,0.00474888551980257,39,48.69998550415039,0.024785339832305908,0.0,0.0,1,0.0,0
0.0,0,0.0,-2.4198966026306152,0.0,35,0.004748883657157421,39,48.69998550415039,0.024785369634628296,0.0,0.0,1,0.0,0
0.0,0,0.0,-2.4198966026306152,0.0,35,0.004748879000544548,39,48.69998550415039,0.024785280227661133,0.0,0.0,1,0.0,0
0.0,0,0.0,-2.4198966026306152,0.0,35,0.004748883191496134,39,48.69998550415039,0.024785369634628296,0.0,0.0,1,0.0,0
0.0,0,0.0,-2.4198966026306152,0.0,35,0.004748884588479996,39,48.69998550415039,0.024785339832305908,0.0,0.0,1,0.0,0
0.0,0,0.0,-2.4198966026306152,0.0,35,0.00474888551980257,39,48.69998550415039,0.024785339832305908,0.0,0.0,1,0.0,0
0.0,0,0.0,-2.4198966026306152,0.0,35,0.004748878534883261,39,48.69998550415039,0.024785280227661133,0.0,0.0,1,0.0,0
0.0,0,0.0,-2.4198966026306152,0.0,35,0.00474888551980257,39,48.69998550415039,0.024785339832305908,0.0,0.0,1,0.0,0
0.0,0,0.0,-2.4198966026306152,0.0,35,0.004748883657157421,39,48.69998550415039,0.024785369634628296,0.0,0.0,1,0.0,0
0.0,0,0.0,-2.4198966026306152,0.0,35,0.00474888551980257,39,48.69998550415039,0.024785339832305908,0.0,0.0,1,0.0,0
0.0,0,0.0,-2.4198966026306152,0.0,35,0.004748890642076731,39,48.69998550415039,0.024785369634628296,0.0,0.0,1,0.0,0
0.0,0,0.0,-2.4198966026306152,0.0,35,0.004748882260173559,39,48.69998550415039,0.024785280227661133,0.0,0.0,1,0.0,0
0.0,0,0.0,-2.4198966026306152,0.0,35,0.004748879466205835,39,48.69998550415039,0.024785339832305908,0.0,0.0,1,0.0,0
0.0,0,0.0,-2.4198966026306152,0.0,35,0.004748884588479996,39,48.69998550415039,0.024785339832305908,0.0,0.0,1,0.0,0
0.0,0,0.0,-2.4198966026306152,0.0,35,0.004748885985463858,39,48.69998550415039,0.024785369634628296,0.0,0.0,1,0.0,0
0.0,0,0.0,-2.4198966026306152,0.0,35,0.004748884588479996,39,48.69998550415039,0.024785339832305908,0.0,0.0,1,0.0,0
0.0,0,0.0,-2.4198966026306152,0.0,35,0.00474888551980257,39,48.69998550415039,0.024785339832305908,0.0,0.0,1,0.0,0
0.0,0,0.0,-2.4198966026306152,0.0,35,0.004748883657157421,39,48.69998550415039,0.024785369634628296,0.0,0.0,1,0.0,0
0.0,0,0.0,-2.4198966026306152,0.0,35,0.0047488766722381115,39,48.69998550415039,0.02478531002998352,0.0,0.0,1,0.0,0
0.0,0,0.0,-2.4198966026306152,0.0,35,0.004748878534883261,39,48.69998550415039,0.024785280227661133,0.0,0.0,1,0.0,0
0.0,0,0.0,-2.4198966026306152,0.0,35,0.004748886451125145,39,48.69998550415039,0.024785339832305908,0.0,0.0,1,0.0,0
0.0,0,0.0,-2.4198966026306152,0.0,35,0.00474888551980257,39,48.69998550415039,0.024785339832305908,0.0,0.0,1,0.0,0
0.0,0,0.0,-2.4198966026306152,0.0,35,0.004748879466205835,39,48.69998550415039,0.024785339832305908,0.0,0.0,1,0.0,0
0.0,0,0.0,-2.4198966026306152,0.0,35,0.0047488766722381115,39,48.69998550415039,0.02478531002998352,0.0,0.0,1,0.0,0
0.0,0,0.0,-2.4198966026306152,0.0,35,0.004748884588479996,39,48.69998550415039,0.024785339832305908,0.0,0.0,1,0.0,0
0.0,0,0.0,-2.4198966026306152,0.0,35,0.00474888551980257,39,48.69998550415039,0.024785339832305908,0.0,0.0,1,0.0,0
0.0,0,0.0,-2.4198966026306152,0.0,35,0.004748883657157421,39,48.69998550415039,0.024785369634628296,0.0,0.0,1,0.0,0
0.0,0,0.0,-2.4198966026306152,0.0,35,0.0047488766722381115,39,48.69998550415039,0.02478531002998352,0.0,0.0,1,0.0,0
0.0,0,0.0,-2.4198966026306152,0.0,35,0.004748888313770294,39,48.69998550415039,0.024785369634628296,0.0,0.0,1,0.0,0
0.0,0,0.0,-2.4198966026306152,0.0,35,0.004748883657157421,39,48.69998550415039,0.024785369634628296,0.0,0.0,1,0.0,0
0.0,0,0.0,-2.4198966026306152,0.0,35,0.004748884588479996,39,48.69998550415039,0.024785339832305908,0.0,0.0,1,0.0,0
0.0,0,0.0,-2.4198966026306152,0.0,35,0.004748883657157421,39,48.69998550415039,0.024785369634628296,0.0,0.0,1,0.0,0
0.0,0,0.0,-2.4198966026306152,0.0,35,0.00474888551980257,39,48.69998550415039,0.024785339832305908,0.0,0.0,1,0.0,0
0.0,0,0.0,-2.4198966026306152,0.0,35,0.004748876206576824,39,48.69998550415039,0.024785280227661133,0.0,0.0,1,0.0,0
0.0,0,0.0,-2.4198966026306152,0.0,35,0.004748882260173559,39,48.69998550415039,0.024785280227661133,0.0,0.0,1,0.0,0
0.0,0,0.0,-2.4198966026306152,0.0,35,0.004748882260173559,39,48.69998550415039,0.024785339832305908,0.0,0.0,1,0.0,0
0.0,0,0.0,-2.4198966026306152,0.0,35,0.004748884588479996,39,48.69998550415039,0.024785339832305908,0.0,0.0,1,0.0,0
0.0,0,0.0,-2.4198966026306152,0.0,35,0.004748883657157421,39,48.69998550415039,0.024785369634628296,0.0,0.0,1,0.0,0
0.0,0,0.0,-2.4198966026306152,0.0,35,0.004748898558318615,39,48.69998550415039,0.024785399436950684,0.0,0.0,1,0.0,0
0.0,0,0.0,-2.4198966026306152,0.0,35,0.004748882260173559,39,48.69998550415039,0.024785339832305908,0.0,0.0,1,0.0,0
0.0,0,0.0,-2.4198966026306152,0.0,35,0.004748884588479996,39,48.69998550415039,0.024785339832305908,0.0,0.0,1,0.0,0
0.0,0,0.0,-2.4198966026306152,0.0,35,0.00474888551980257,39,48.69998550415039,0.024785339832305908,0.0,0.0,1,0.0,0
0.0,0,0.0,-2.4198966026306152,0.0,35,0.004748879466205835,39,48.69998550415039,0.024785339832305908,0.0,0.0,1,0.0,0
0.0,0,0.0,-2.4198966026306152,0.0,35,0.004748879000544548,39,48.69998550415039,0.024785280227661133,0.0,0.0,1,0.0,0
0.0,0,0.0,-2.4198966026306152,0.0,35,0.004748879466205835,39,48.69998550415039,0.024785339832305908,0.0,0.0,1,0.0,0
0.0,0,0.0,-2.4198966026306152,0.0,35,0.004748883657157421,39,48.69998550415039,0.024785369634628296,0.0,0.0,1,0.0,0
0.0,0,0.0,-2.4198966026306152,0.0,35,0.00474888551980257,39,48.69998550415039,0.024785369634628296,0.0,0.0,1,0.0,0
0.0,0,0.0,-2.4198966026306152,0.0,35,0.004748884588479996,39,48.69998550415039,0.024785339832305908,0.0,0.0,1,0.0,0
0.0,0,0.0,-2.4198966026306152,0.0,35,0.0047488766722381115,39,48.69998550415039,0.02478531002998352,0.0,0.0,1,0.0,0
0.0,0,0.0,-2.4198966026306152,0.0,35,0.004748885985463858,39,48.69998550415039,0.024785369634628296,0.0,0.0,1,0.0,0
0.0,0,0.0,-2.4198966026306152,0.0,35,0.004748884588479996,39,48.69998550415039,0.024785339832305908,0.0,0.0,1,0.0,0
0.0,0,0.0,-2.4198966026306152,0.0,35,0.004748884588479996,39,48.69998550415039,0.024785339832305908,0.0,0.0,1,0.0,0
0.0,0,0.0,-2.4198966026306152,0.0,35,0.00474888738244772,39,48.69998550415039,0.024785280227661133,0.0,0.0,1,0.0,0
0.0,0,0.0,-2.4198966026306152,0.0,35,0.004748888313770294,39,48.69998550415039,0.024785369634628296,0.0,0.0,1,0.0,0
0.0,0,0.0,-2.4198966026306152,0.0,35,0.004748884588479996,39,48.69998550415039,0.024785339832305908,0.0,0.0,1,0.0,0
0.0,0,0.0,-2.4198966026306152,0.0,35,0.004748883191496134,39,48.69998550415039,0.024785369634628296,0.0,0.0,1,0.0,0
0.0,0,0.0,-2.4198966026306152,0.0,35,0.004748882260173559,39,48.69998550415039,0.024785339832305908,0.0,0.0,1,0.0,0
0.0,0,0.0,-2.4198966026306152,0.0,35,0.004748880863189697,39,48.69998550415039,0.024785339832305908,0.0,0.0,1,0.0,0
0.0,0,0.0,-2.4198966026306152,0.0,35,0.004748882260173559,39,48.69998550415039,0.024785369634628296,0.0,0.0,1,0.0,0
0.0,0,0.0,-2.4198966026306152,0.0,35,0.004748884588479996,39,48.69998550415039,0.024785339832305908,0.0,0.0,1,0.0,0
0.0,0,0.0,-2.4198966026306152,0.0,35,0.004748884588479996,39,48.69998550415039,0.024785339832305908,0.0,0.0,1,0.0,0
0.0,0,0.0,-2.4198966026306152,0.0,35,0.004748884588479996,39,48.69998550415039,0.024785339832305908,0.0,0.0,1,0.0,0
0.0,0,0.0,-2.4198966026306152,0.0,35,0.004748883191496134,39,48.69998550415039,0.024785369634628296,0.0,0.0,1,0.0,0
0.0,0,0.0,-2.4198966026306152,0.0,35,0.004748886451125145,39,48.69998550415039,0.024785280227661133,0.0,0.0,1,0.0,0
0.0,0,0.0,-2.4198966026306152,0.0,35,0.004748881328850985,39,48.69998550415039,0.024785280227661133,0.0,0.0,1,0.0,0
0.0,0,0.0,-2.4198966026306152,0.0,35,0.004748884588479996,39,48.69998550415039,0.024785339832305908,0.0,0.0,1,0.0,0
0.0,0,0.0,-2.4198966026306152,0.0,35,0.004748883657157421,39,48.69998550415039,0.024785369634628296,0.0,0.0,1,0.0,0
0.0,0,0.0,-2.4198966026306152,0.0,35,0.004748884588479996,39,48.69998550415039,0.024785339832305908,0.0,0.0,1,0.0,0
0.0,0,0.0,-2.4198966026306152,0.0,35,0.00474888551980257,39,48.69998550415039,0.024785339832305908,0.0,0.0,1,0.0,0
0.0,0,0.0,-2.4198966026306152,0.0,35,0.004748884588479996,39,48.69998550415039,0.024785339832305908,0.0,0.0,1,0.0,0
0.0,0,0.0,-2.4198966026306152,0.0,35,0.004748883657157421,39,48.69998550415039,0.024785369634628296,0.0,0.0,1,0.0,0
0.0,0,0.0,-2.4198966026306152,0.0,35,0.004748888313770294,39,48.69998550415039,0.024785369634628296,0.0,0.0,1,0.0,0
0.0,0,0.0,-2.4198966026306152,0.0,35,0.004748883657157421,39,48.69998550415039,0.024785369634628296,0.0,0.0,1,0.0,0
0.0,0,0.0,-2.4198966026306152,0.0,35,0.004748879466205835,39,48.69998550415039,0.024785339832305908,0.0,0.0,1,0.0,0
0.0,0,0.0,-2.4198966026306152,0.0,35,0.004748885985463858,39,48.69998550415039,0.024785369634628296,0.0,0.0,1,0.0,0
0.0,0,0.0,-2.4198966026306152,0.0,35,0.004748884588479996,39,48.69998550415039,0.024785339832305908,0.0,0.0,1,0.0,0
0.0,0,0.0,-2.4198966026306152,0.0,35,0.004748879466205835,39,48.69998550415039,0.024785339832305908,0.0,0.0,1,0.0,0
0.0,0,0.0,-2.4198966026306152,0.0,35,0.004748884588479996,39,48.69998550415039,0.024785339832305908,0.0,0.0,1,0.0,0
0.0,0,0.0,-2.4198966026306152,0.0,35,0.004748888313770294,39,48.69998550415039,0.024785369634628296,0.0,0.0,1,0.0,0
0.0,0,0.0,-2.4198966026306152,0.0,35,0.004748884588479996,39,48.69998550415039,0.024785339832305908,0.0,0.0,1,0.0,0
0.0,0,0.0,-2.4198966026306152,0.0,35,0.004748884588479996,39,48.69998550415039,0.024785339832305908,0.0,0.0,1,0.0,0
0.0,0,0.0,-2.4198966026306152,0.0,35,0.004748882260173559,39,48.69998550415039,0.024785339832305908,0.0,0.0,1,0.0,0
0.0,0,0.0,-2.4198966026306152,0.0,35,0.004748881794512272,39,48.69998550415039,0.024785339832305908,0.0,0.0,1,0.0,0
0.0,0,0.0,-2.4198966026306152,0.0,35,0.004748888313770294,39,48.69998550415039,0.024785369634628296,0.0,0.0,1,0.0,0
0.0,0,0.0,-2.4198966026306152,0.0,35,0.004748887848109007,39,48.69998550415039,0.024785369634628296,0.0,0.0,1,0.0,0
0.0,0,0.0,-2.4198966026306152,0.0,35,0.004748882260173559,39,48.69998550415039,0.024785339832305908,0.0,0.0,1,0.0,0
0.0,0,0.0,-2.4198966026306152,0.0,35,0.004748884588479996,39,48.69998550415039,0.024785339832305908,0.0,0.0,1,0.0,0
0.0,0,0.0,-2.4198966026306152,0.0,35,0.004748879466205835,39,48.69998550415039,0.024785339832305908,0.0,0.0,1,0.0,0
0.0,0,0.0,-2.4198966026306152,0.0,35,0.0047488827258348465,39,48.69998550415039,0.024785339832305908,0.0,0.0,1,0.0,0
0.0,0,0.0,-2.4198966026306152,0.0,35,0.004748888313770294,39,48.69998550415039,0.024785369634628296,0.0,0.0,1,0.0,0
0.0,0,0.0,-2.4198966026306152,0.0,35,0.004748884588479996,39,48.69998550415039,0.024785339832305908,0.0,0.0,1,0.0,0
0.0,0,0.0,-2.4198966026306152,0.0,35,0.00474888551980257,39,48.69998550415039,0.024785339832305908,0.0,0.0,1,0.0,0
0.0,0,0.0,-2.4198966026306152,0.0,35,0.004748878534883261,39,48.69998550415039,0.024785280227661133,0.0,0.0,1,0.0,0
0.0,0,0.0,-2.4198966026306152,0.0,35,0.0047488827258348465,39,48.69998550415039,0.024785339832305908,0.0,0.0,1,0.0,0
0.0,0,0.0,-2.4198966026306152,0.0,35,0.004748881328850985,39,48.69998550415039,0.024785280227661133,0.0,0.0,1,0.0,0
0.0,0,0.0,-2.4198966026306152,0.0,35,0.004748883657157421,39,48.69998550415039,0.024785369634628296,0.0,0.0,1,0.0,0
0.0,0,0.0,-2.4198966026306152,0.0,35,0.004748883657157421,39,48.69998550415039,0.024785369634628296,0.0,0.0,1,0.0,0
0.0,0,0.0,-2.4198966026306152,0.0,35,0.0047488887794315815,39,48.69998550415039,0.024785399436950684,0.0,0.0,1,0.0,0
0.0,0,0.0,-2.4198966026306152,0.0,35,0.004748882260173559,39,48.69998550415039,0.024785280227661133,0.0,0.0,1,0.0,0
0.0,0,0.0,-2.4198966026306152,0.0,35,0.004748883657157421,39,48.69998550415039,0.024785369634628296,0.0,0.0,1,0.0,0
0.0,0,0.0,-2.4198966026306152,0.0,35,0.004748883657157421,39,48.69998550415039,0.024785369634628296,0.0,0.0,1,0.0,0
0.0,0,0.0,-2.4198966026306152,0.0,35,0.004748879466205835,39,48.69998550415039,0.024785339832305908,0.0,0.0,1,0.0,0
0.0,0,0.0,-2.4198966026306152,0.0,35,0.00474888551980257,39,48.69998550415039,0.024785339832305908,0.0,0.0,1,0.0,0
0.0,0,0.0,-2.4198966026306152,0.0,35,0.004748884588479996,39,48.69998550415039,0.024785339832305908,0.0,0.0,1,0.0,0
0.0,0,0.0,-2.4198966026306152,0.0,35,0.004748883657157421,39,48.69998550415039,0.024785369634628296,0.0,0.0,1,0.0,0
0.0,0,0.0,-2.4198966026306152,0.0,35,0.004748879466205835,39,48.69998550415039,0.024785250425338745,0.0,0.0,1,0.0,0
0.0,0,0.0,-2.4198966026306152,0.0,35,0.004748878534883261,39,48.69998550415039,0.024785280227661133,0.0,0.0,1,0.0,0
0.0,0,0.0,-2.4198966026306152,0.0,35,0.00474888551980257,39,48.69998550415039,0.024785339832305908,0.0,0.0,1,0.0,0
0.0,0,0.0,-2.4198966026306152,0.0,35,0.004748885985463858,39,48.69998550415039,0.024785369634628296,0.0,0.0,1,0.0,0
0.0,0,0.0,-2.4198966026306152,0.0,35,0.004748883657157421,39,48.69998550415039,0.024785369634628296,0.0,0.0,1,0.0,0
0.0,0,0.0,-2.4198966026306152,0.0,35,0.004748882260173559,39,48.69998550415039,0.024785339832305908,0.0,0.0,1,0.0,0
0.0,0,0.0,-2.4198966026306152,0.0,35,0.004748884588479996,39,48.69998550415039,0.024785339832305908,0.0,0.0,1,0.0,0
0.0,0,0.0,-2.4198966026306152,0.0,35,0.004748885985463858,39,48.69998550415039,0.024785369634628296,0.0,0.0,1,0.0,0
0.0,0,0.0,-2.4198966026306152,0.0,35,0.00474888738244772,39,48.69998550415039,0.024785280227661133,0.0,0.0,1,0.0,0
0.0,0,0.0,-2.4198966026306152,0.0,35,0.004748879466205835,39,48.69998550415039,0.024785339832305908,0.0,0.0,1,0.0,0
0.0,0,0.0,-2.4198966026306152,0.0,35,0.004748884588479996,39,48.69998550415039,0.024785339832305908,0.0,0.0,1,0.0,0
0.0,0,0.0,-2.4198966026306152,0.0,35,0.004748883657157421,39,48.69998550415039,0.024785369634628296,0.0,0.0,1,0.0,0
0.0,0,0.0,-2.4198966026306152,0.0,35,0.004748888313770294,39,48.69998550415039,0.024785369634628296,0.0,0.0,1,0.0,0
0.0,0,0.0,-2.4198966026306152,0.0,35,0.004748890642076731,39,48.69998550415039,0.024785369634628296,0.0,0.0,1,0.0,0
0.0,0,0.0,-2.4198966026306152,0.0,35,0.00474888551980257,39,48.69998550415039,0.024785339832305908,0.0,0.0,1,0.0,0
0.0,0,0.0,-2.4198966026306152,0.0,35,0.00474888738244772,39,48.69998550415039,0.024785280227661133,0.0,0.0,1,0.0,0
0.0,0,0.0,-2.4198966026306152,0.0,35,0.004748884588479996,39,48.69998550415039,0.024785339832305908,0.0,0.0,1,0.0,0
0.0,0,0.0,-2.4198966026306152,0.0,35,0.004748883657157421,39,48.69998550415039,0.024785369634628296,0.0,0.0,1,0.0,0
0.0,0,0.0,-2.4198966026306152,0.0,35,0.00474888551980257,39,48.69998550415039,0.024785339832305908,0.0,0.0,1,0.0,0
0.0,0,0.0,-2.4198966026306152,0.0,35,0.004748884588479996,39,48.69998550415039,0.024785339832305908,0.0,0.0,1,0.0,0
0.0,0,0.0,-2.4198966026306152,0.0,35,0.00474888551980257,39,48.69998550415039,0.024785339832305908,0.0,0.0,1,0.0,0
0.0,0,0.0,-2.4198966026306152,0.0,35,0.004748881328850985,39,48.69998550415039,0.024785280227661133,0.0,0.0,1,0.0,0
0.0,0,0.0,-2.4198966026306152,0.0,35,0.004748882260173559,39,48.69998550415039,0.024785280227661133,0.0,0.0,1,0.0,0
0.0,0,0.0,-2.4198966026306152,0.0,35,0.004748883191496134,39,48.69998550415039,0.024785369634628296,0.0,0.0,1,0.0,0
0.0,0,0.0,-2.4198966026306152,0.0,35,0.004748887848109007,39,48.69998550415039,0.024785369634628296,0.0,0.0,1,0.0,0
0.0,0,0.0,-2.4198966026306152,0.0,35,0.004748889245092869,39,48.69998550415039,0.024785369634628296,0.0,0.0,1,0.0,0
0.0,0,0.0,-2.4198966026306152,0.0,35,0.004748881328850985,39,48.69998550415039,0.024785280227661133,0.0,0.0,1,0.0,0
0.0,0,0.0,-2.4198966026306152,0.0,35,0.00474888551980257,39,48.69998550415039,0.024785339832305908,0.0,0.0,1,0.0,0
0.0,0,0.0,-2.4198966026306152,0.0,35,0.004748890642076731,39,48.69998550415039,0.024785369634628296,0.0,0.0,1,0.0,0
0.0,0,0.0,-2.4198966026306152,0.0,35,0.00474888551980257,39,48.69998550415039,0.024785339832305908,0.0,0.0,1,0.0,0
0.0,0,0.0,-2.4198966026306152,0.0,35,0.004748884588479996,39,48.69998550415039,0.024785339832305908,0.0,0.0,1,0.0,0
0.0,0,0.0,-2.4198966026306152,0.0,35,0.004748884588479996,39,48.69998550415039,0.024785339832305908,0.0,0.0,1,0.0,0
0.0,0,0.0,-2.4198966026306152,0.0,35,0.004748888313770294,39,48.69998550415039,0.024785369634628296,0.0,0.0,1,0.0,0
0.0,0,0.0,-2.4198966026306152,0.0,35,0.004748875740915537,39,48.69998550415039,0.024785280227661133,0.0,0.0,1,0.0,0
0.0,0,0.0,-2.4198966026306152,0.0,35,0.004748879466205835,39,48.69998550415039,0.024785339832305908,0.0,0.0,1,0.0,0
0.0,0,0.0,-2.4198966026306152,0.0,35,0.004748884588479996,39,48.69998550415039,0.024785339832305908,0.0,0.0,1,0.0,0
0.0,0,0.0,-2.4198966026306152,0.0,35,0.004748883657157421,39,48.69998550415039,0.024785369634628296,0.0,0.0,1,0.0,0
0.0,0,0.0,-2.4198966026306152,0.0,35,0.004748883657157421,39,48.69998550415039,0.024785369634628296,0.0,0.0,1,0.0,0
0.0,0,0.0,-2.4198966026306152,0.0,35,0.004748872481286526,39,48.69998550415039,0.024785339832305908,0.0,0.0,1,0.0,0
0.0,0,0.0,-2.4198966026306152,0.0,35,0.00474888551980257,39,48.69998550415039,0.024785369634628296,0.0,0.0,1,0.0,0
0.0,0,0.0,-2.4198966026306152,0.0,35,0.004748883657157421,39,48.69998550415039,0.024785369634628296,0.0,0.0,1,0.0,0
0.0,0,0.0,-2.4198966026306152,0.0,35,0.004748884588479996,39,48.69998550415039,0.024785339832305908,0.0,0.0,1,0.0,0
0.0,0,0.0,-2.4198966026306152,0.0,35,0.004748883657157421,39,48.69998550415039,0.024785369634628296,0.0,0.0,1,0.0,0
0.0,0,0.0,-2.4198966026306152,0.0,35,0.004748883191496134,39,48.69998550415039,0.024785369634628296,0.0,0.0,1,0.0,0
0.0,0,0.0,-2.4198966026306152,0.0,35,0.004748884588479996,39,48.69998550415039,0.024785339832305908,0.0,0.0,1,0.0,0
0.0,0,0.0,-2.4198966026306152,0.0,35,0.004748873878270388,39,48.69998550415039,0.024785339832305908,0.0,0.0,1,0.0,0
0.0,0,0.0,-2.4198966026306152,0.0,35,0.004748884588479996,39,48.69998550415039,0.024785339832305908,0.0,0.0,1,0.0,0
0.0,0,0.0,-2.4198966026306152,0.0,35,0.00474888551980257,39,48.69998550415039,0.024785339832305908,0.0,0.0,1,0.0,0
0.0,0,0.0,-2.4198966026306152,0.0,35,0.004748888313770294,39,48.69998550415039,0.024785369634628296,0.0,0.0,1,0.0,0
0.0,0,0.0,-2.4198966026306152,0.0,35,0.004748884588479996,39,48.69998550415039,0.024785339832305908,0.0,0.0,1,0.0,0
0.0,0,0.0,-2.4198966026306152,0.0,35,0.004748880863189697,39,48.69998550415039,0.024785220623016357,0.0,0.0,1,0.0,0
0.0,0,0.0,-2.4198966026306152,0.0,35,0.004748878534883261,39,48.69998550415039,0.024785280227661133,0.0,0.0,1,0.0,0
0.0,0,0.0,-2.4198966026306152,0.0,35,0.00474888551980257,39,48.69998550415039,0.024785339832305908,0.0,0.0,1,0.0,0
0.0,0,0.0,-2.4198966026306152,0.0,35,0.004748885985463858,39,48.69998550415039,0.024785369634628296,0.0,0.0,1,0.0,0
0.0,0,0.0,-2.4198966026306152,0.0,35,0.0047488887794315815,39,48.69998550415039,0.02478545904159546,0.0,0.0,1,0.0,0
0.0,0,0.0,-2.4198966026306152,0.0,35,0.004748879466205835,39,48.69998550415039,0.024785339832305908,0.0,0.0,1,0.0,0
0.0,0,0.0,-2.4198966026306152,0.0,35,0.004748884588479996,39,48.69998550415039,0.024785339832305908,0.0,0.0,1,0.0,0
0.0,0,0.0,-2.4198966026306152,0.0,35,0.004748885985463858,39,48.69998550415039,0.024785369634628296,0.0,0.0,1,0.0,0
0.0,0,0.0,-2.4198966026306152,0.0,35,0.004748884588479996,39,48.69998550415039,0.024785339832305908,0.0,0.0,1,0.0,0
0.0,0,0.0,-2.4198966026306152,0.0,35,0.004748879466205835,39,48.69998550415039,0.024785339832305908,0.0,0.0,1,0.0,0
0.0,0,0.0,-2.4198966026306152,0.0,35,0.004748884588479996,39,48.69998550415039,0.024785339832305908,0.0,0.0,1,0.0,0
0.0,0,0.0,-2.4198966026306152,0.0,35,0.004748884588479996,39,48.69998550415039,0.024785339832305908,0.0,0.0,1,0.0,0
0.0,0,0.0,-2.4198966026306152,0.0,35,0.0047488887794315815,39,48.69998550415039,0.024785399436950684,0.0,0.0,1,0.0,0
0.0,0,0.0,-2.4198966026306152,0.0,35,0.0047488827258348465,39,48.69998550415039,0.024785339832305908,0.0,0.0,1,0.0,0
0.0,0,0.0,-2.4198966026306152,0.0,35,0.004748884588479996,39,48.69998550415039,0.024785339832305908,0.0,0.0,1,0.0,0
0.0,0,0.0,-2.4198966026306152,0.0,35,0.004748884588479996,39,48.69998550415039,0.024785339832305908,0.0,0.0,1,0.0,0
0.0,0,0.0,-2.4198966026306152,0.0,35,0.004748883191496134,39,48.69998550415039,0.024785369634628296,0.0,0.0,1,0.0,0
0.0,0,0.0,-2.4198966026306152,0.0,35,0.004748874809592962,39,48.69998550415039,0.024785250425338745,0.0,0.0,1,0.0,0
0.0,0,0.0,-2.4198966026306152,0.0,35,0.004748879466205835,39,48.69998550415039,0.024785339832305908,0.0,0.0,1,0.0,0
0.0,0,0.0,-2.4198966026306152,0.0,35,0.004748883657157421,39,48.69998550415039,0.024785369634628296,0.0,0.0,1,0.0,0
0.0,0,0.0,-2.4198966026306152,0.0,35,0.00474888551980257,39,48.69998550415039,0.024785339832305908,0.0,0.0,1,0.0,0
0.0,0,0.0,-2.4198966026306152,0.0,35,0.004748883657157421,39,48.69998550415039,0.024785369634628296,0.0,0.0,1,0.0,0
0.0,0,0.0,-2.4198966026306152,0.0,35,0.00474888551980257,39,48.69998550415039,0.024785339832305908,0.0,0.0,1,0.0,0
0.0,0,0.0,-2.4198966026306152,0.0,35,0.004748884588479996,39,48.69998550415039,0.024785339832305908,0.0,0.0,1,0.0,0
0.0,0,0.0,-2.4198966026306152,0.0,35,0.0047488827258348465,39,48.69998550415039,0.024785339832305908,0.0,0.0,1,0.0,0
0.0,0,0.0,-2.4198966026306152,0.0,35,0.004748879466205835,39,48.69998550415039,0.024785339832305908,0.0,0.0,1,0.0,0
0.0,0,0.0,-2.4198966026306152,0.0,35,0.004748879466205835,39,48.69998550415039,0.024785339832305908,0.0,0.0,1,0.0,0
0.0,0,0.0,-2.4198966026306152,0.0,35,0.00474888551980257,39,48.69998550415039,0.024785339832305908,0.0,0.0,1,0.0,0
0.0,0,0.0,-2.4198966026306152,0.0,35,0.0047488887794315815,39,48.69998550415039,0.024785399436950684,0.0,0.0,1,0.0,0
0.0,0,0.0,-2.4198966026306152,0.0,35,0.004748883657157421,39,48.69998550415039,0.024785369634628296,0.0,0.0,1,0.0,0
0.0,0,0.0,-2.4198966026306152,0.0,35,0.004748878534883261,39,48.69998550415039,0.024785280227661133,0.0,0.0,1,0.0,0
0.0,0,0.0,-2.4198966026306152,0.0,35,0.004748884588479996,39,48.69998550415039,0.024785339832305908,0.0,0.0,1,0.0,0
0.0,0,0.0,-2.4198966026306152,0.0,35,0.004748883657157421,39,48.69998550415039,0.024785369634628296,0.0,0.0,1,0.0,0
0.0,0,0.0,-2.4198966026306152,0.0,35,0.004748884588479996,39,48.69998550415039,0.024785339832305908,0.0,0.0,1,0.0,0
0.0,0,0.0,-2.4198966026306152,0.0,35,0.00474888551980257,39,48.69998550415039,0.024785339832305908,0.0,0.0,1,0.0,0
0.0,0,0.0,-2.4198966026306152,0.0,35,0.004748884588479996,39,48.69998550415039,0.024785339832305908,0.0,0.0,1,0.0,0
0.0,0,0.0,-2.4198966026306152,0.0,35,0.00474888551980257,39,48.69998550415039,0.024785339832305908,0.0,0.0,1,0.0,0
0.0,0,0.0,-2.4198966026306152,0.0,35,0.004748883657157421,39,48.69998550415039,0.024785369634628296,0.0,0.0,1,0.0,0
0.0,0,0.0,-2.4198966026306152,0.0,35,0.0047488766722381115,39,48.69998550415039,0.02478531002998352,0.0,0.0,1,0.0,0
0.0,0,0.0,-2.4198966026306152,0.0,35,0.004748879466205835,39,48.69998550415039,0.024785339832305908,0.0,0.0,1,0.0,0
0.0,0,0.0,-2.4198966026306152,0.0,35,0.004748884588479996,39,48.69998550415039,0.024785339832305908,0.0,0.0,1,0.0,0
0.0,0,0.0,-2.4198966026306152,0.0,35,0.004748883657157421,39,48.69998550415039,0.024785369634628296,0.0,0.0,1,0.0,0
0.0,0,0.0,-2.4198966026306152,0.0,35,0.004748879466205835,39,48.69998550415039,0.024785339832305908,0.0,0.0,1,0.0,0
0.0,0,0.0,-2.4198966026306152,0.0,35,0.004748881794512272,39,48.69998550415039,0.024785339832305908,0.0,0.0,1,0.0,0
0.0,0,0.0,-2.4198966026306152,0.0,35,0.004748885985463858,39,48.69998550415039,0.024785369634628296,0.0,0.0,1,0.0,0
0.0,0,0.0,-2.4198966026306152,0.0,35,0.004748883657157421,39,48.69998550415039,0.024785369634628296,0.0,0.0,1,0.0,0
0.0,0,0.0,-2.4198966026306152,0.0,35,0.004748881328850985,39,48.69998550415039,0.024785280227661133,0.0,0.0,1,0.0,0
0.0,0,0.0,-2.4198966026306152,0.0,35,0.004748884122818708,39,48.69998550415039,0.024785280227661133,0.0,0.0,1,0.0,0
0.0,0,0.0,-2.4198966026306152,0.0,35,0.004748888313770294,39,48.69998550415039,0.024785369634628296,0.0,0.0,1,0.0,0
0.0,0,0.0,-2.4198966026306152,0.0,35,0.0047488827258348465,39,48.69998550415039,0.024785339832305908,0.0,0.0,1,0.0,0
0.0,0,0.0,-2.4198966026306152,0.0,35,0.004748888313770294,39,48.69998550415039,0.024785369634628296,0.0,0.0,1,0.0,0
0.0,0,0.0,-2.4198966026306152,0.0,35,0.004748882260173559,39,48.69998550415039,0.024785339832305908,0.0,0.0,1,0.0,0
0.0,0,0.0,-2.4198966026306152,0.0,35,0.00474888551980257,39,48.69998550415039,0.024785339832305908,0.0,0.0,1,0.0,0
0.0,0,0.0,-2.4198966026306152,0.0,35,0.004748890642076731,39,48.69998550415039,0.024785369634628296,0.0,0.0,1,0.0,0
0.0,0,0.0,-2.4198966026306152,0.0,35,0.004748882260173559,39,48.69998550415039,0.024785339832305908,0.0,0.0,1,0.0,0
0.0,0,0.0,-2.4198966026306152,0.0,35,0.00474888551980257,39,48.69998550415039,0.024785369634628296,0.0,0.0,1,0.0,0
0.0,0,0.0,-2.4198966026306152,0.0,35,0.004748882260173559,39,48.69998550415039,0.024785280227661133,0.0,0.0,1,0.0,0
0.0,0,0.0,-2.4198966026306152,0.0,35,0.004748878534883261,39,48.69998550415039,0.024785280227661133,0.0,0.0,1,0.0,0
0.0,0,0.0,-2.4198966026306152,0.0,35,0.004748879466205835,39,48.69998550415039,0.024785339832305908,0.0,0.0,1,0.0,0
0.0,0,0.0,-2.4198966026306152,0.0,35,0.00474888551980257,39,48.69998550415039,0.024785339832305908,0.0,0.0,1,0.0,0
0.0,0,0.0,-2.4198966026306152,0.0,35,0.004748884588479996,39,48.69998550415039,0.024785339832305908,0.0,0.0,1,0.0,0
0.0,0,0.0,-2.4198966026306152,0.0,35,0.004748883657157421,39,48.69998550415039,0.024785369634628296,0.0,0.0,1,0.0,0
0.0,0,0.0,-2.4198966026306152,0.0,35,0.004748879466205835,39,48.69998550415039,0.024785339832305908,0.0,0.0,1,0.0,0
0.0,0,0.0,-2.4198966026306152,0.0,35,0.00474888551980257,39,48.69998550415039,0.024785339832305908,0.0,0.0,1,0.0,0
0.0,0,0.0,-2.4198966026306152,0.0,35,0.004748890642076731,39,48.69998550415039,0.024785369634628296,0.0,0.0,1,0.0,0
0.0,0,0.0,-2.4198966026306152,0.0,35,0.004748926963657141,39,48.69998550415039,0.024786442518234253,0.0,0.0,1,0.0,0
0.0,0,0.0,-2.4198966026306152,0.0,35,0.004748865496367216,39,48.69998550415039,0.02478480339050293,0.0,0.0,1,0.0,0
0.0,0,0.0,-2.4198966026306152,0.0,35,0.00474889762699604,39,48.69998550415039,0.02478581666946411,0.0,0.0,1,0.0,0
0.0,0,0.0,-2.4198966026306152,0.0,35,0.00474888738244772,39,48.69998550415039,0.024785518646240234,0.0,0.0,1,0.0,0
